Name,Year,Price,URL
KIA Carens,2000,35000000,https://www.mobil123.com/dijual/kia-carens-fj-kalimantan-timur-samarinda-ulu/7960105
KIA Carens,2001,48000000,https://www.mobil123.com/dijual/kia-carens-fj-jawa-timur-kediri/7858328
KIA Carens,2003,55000000,https://www.mobil123.com/dijual/kia-carens-fj-jawa-barat-cikarang/7967518
KIA Carnival,2001,55000000,https://www.mobil123.com/dijual/kia-carnival-gs-jawa-timur-kediri/7845224
KIA Sedona,2016,305000000,https://www.mobil123.com/dijual/kia-grand-sedona-platinum-dki-jakarta-batu-tulis/7542826
KIA Sedona,2016,310000000,https://www.mobil123.com/dijual/kia-grand-sedona-yp-dki-jakarta-sunter/6734627
KIA Morning,2014,75000000,https://www.mobil123.com/dijual/kia-morning-lx-jawa-barat-bekasi-barat/7960765
KIA Morning,2014,89000000,https://www.mobil123.com/dijual/kia-morning-lx-kalimantan-barat-pontianak/7613844
KIA Picanto,2005,55000000,https://www.mobil123.com/dijual/kia-picanto-sa-bali-denpasar/7967136
KIA Picanto,2006,60000000,https://www.mobil123.com/dijual/kia-picanto-sa-jawa-timur-kepanjen/7947419
KIA Picanto,2007,59000000,https://www.mobil123.com/dijual/kia-picanto-se-jawa-barat-bandung/7965792
KIA Picanto,2008,62000000,https://www.mobil123.com/dijual/kia-picanto-se-dki-jakarta-pondok-bambu/7923444
KIA Picanto,2008,65000000,https://www.mobil123.com/dijual/kia-picanto-se-jawa-timur-banyuwangi/7463778
KIA Picanto,2009,59000000,https://www.mobil123.com/dijual/kia-picanto-se-jawa-barat-bandung/7722094
KIA Picanto,2009,60000000,https://www.mobil123.com/dijual/kia-picanto-se-jawa-barat-margonda/7961373
KIA Picanto,2009,62000000,https://www.mobil123.com/dijual/kia-picanto-se-bali-denpasar/7939896
KIA Picanto,2010,62000000,https://www.mobil123.com/dijual/kia-picanto-se-jawa-tengah-pedurungan/7931236
KIA Picanto,2010,67000000,https://www.mobil123.com/dijual/kia-picanto-se-jawa-timur-kediri/7908935
KIA Picanto,2010,68000000,https://www.mobil123.com/dijual/kia-picanto-se-jawa-barat-bekasi/7958091
KIA Picanto,2011,61000000,https://www.mobil123.com/dijual/kia-picanto-se-bali-denpasar/7962307
KIA Picanto,2011,63500000,https://www.mobil123.com/dijual/kia-picanto-se-jawa-barat-bkr-kembar/7828228
KIA Picanto,2011,68000000,https://www.mobil123.com/dijual/kia-picanto-se-3-sumatera-utara-medan/7665565
KIA Picanto,2011,85000000,https://www.mobil123.com/dijual/kia-picanto-se-jawa-timur-sooko/7435788
KIA Picanto,2012,75000005,https://www.mobil123.com/dijual/kia-picanto-se-3-jawa-timur-sidoarjo/7934929
KIA Picanto,2012,75500000,https://www.mobil123.com/dijual/kia-picanto-se-3-dki-jakarta-s-parman/7330664
KIA Picanto,2012,77000001,https://www.mobil123.com/dijual/kia-picanto-se-3-jawa-timur-surabaya/7969190
KIA Picanto,2012,78000000,https://www.mobil123.com/dijual/kia-picanto-se-3-banten-regency-melati-mas/7930898
KIA Picanto,2012,78000000,https://www.mobil123.com/dijual/kia-picanto-se-3-banten-villa-melati-mas/7922830
KIA Picanto,2012,78000000,https://www.mobil123.com/dijual/kia-picanto-se-3-jawa-barat-jatiasih/7896936
KIA Picanto,2012,78000001,https://www.mobil123.com/dijual/kia-picanto-se-3-jawa-timur-mojokerto/7964854
KIA Picanto,2012,78000001,https://www.mobil123.com/dijual/kia-picanto-se-3-jawa-timur-pasuruan/7950371
KIA Picanto,2012,78000001,https://www.mobil123.com/dijual/kia-picanto-se-3-jawa-timur-pasuruan/7958459
KIA Picanto,2012,78000001,https://www.mobil123.com/dijual/kia-picanto-se-3-jawa-timur-surabaya/7937994
KIA Picanto,2012,78000001,https://www.mobil123.com/dijual/kia-picanto-se-3-jawa-timur-surabaya/7945460
KIA Picanto,2012,78000001,https://www.mobil123.com/dijual/kia-picanto-se-3-jawa-timur-surabaya/7948257
KIA Picanto,2012,78000001,https://www.mobil123.com/dijual/kia-picanto-se-3-jawa-timur-surabaya/7953694
KIA Picanto,2012,78000001,https://www.mobil123.com/dijual/kia-picanto-se-3-jawa-timur-surabaya/7956415
KIA Picanto,2012,78000001,https://www.mobil123.com/dijual/kia-picanto-se-3-jawa-timur-surabaya/7962839
KIA Picanto,2012,78000001,https://www.mobil123.com/dijual/kia-picanto-se-3-jawa-timur-surabaya/7966278
KIA Picanto,2012,78000001,https://www.mobil123.com/dijual/kia-picanto-se-3-jawa-timur-surabaya/7966831
KIA Picanto,2012,78000005,https://www.mobil123.com/dijual/kia-picanto-se-3-jawa-timur-gresik/7954427
KIA Picanto,2012,78000046,https://www.mobil123.com/dijual/kia-picanto-se-2-jawa-timur-sidoarjo/7946148
KIA Picanto,2012,78000046,https://www.mobil123.com/dijual/kia-picanto-se-2-jawa-timur-sidoarjo/7959201
KIA Picanto,2012,79000000,https://www.mobil123.com/dijual/kia-picanto-se-2-dki-jakarta-cipayung/7940857
KIA Picanto,2012,79000000,https://www.mobil123.com/dijual/kia-picanto-se-3-jawa-timur-gresik/7948028
KIA Picanto,2012,79000000,https://www.mobil123.com/dijual/kia-picanto-se-3-jawa-timur-kertajaya-indah/7912202
KIA Picanto,2012,79000000,https://www.mobil123.com/dijual/kia-picanto-se-3-jawa-timur-kertajaya-indah/7917226
KIA Picanto,2012,79000000,https://www.mobil123.com/dijual/kia-picanto-se-3-jawa-timur-kertajaya-indah/7919730
KIA Picanto,2012,79000000,https://www.mobil123.com/dijual/kia-picanto-se-3-jawa-timur-kertajaya-indah/7920807
KIA Picanto,2012,79000000,https://www.mobil123.com/dijual/kia-picanto-se-3-jawa-timur-kertajaya-indah/7930424
KIA Picanto,2012,79000000,https://www.mobil123.com/dijual/kia-picanto-se-3-jawa-timur-kertajaya-indah/7945838
KIA Picanto,2012,79000000,https://www.mobil123.com/dijual/kia-picanto-se-3-jawa-timur-kertajaya-indah/7948489
KIA Picanto,2012,79000000,https://www.mobil123.com/dijual/kia-picanto-se-3-jawa-timur-kertajaya-indah/7950774
KIA Picanto,2012,79000000,https://www.mobil123.com/dijual/kia-picanto-se-3-jawa-timur-kertajaya-indah/7952313
KIA Picanto,2012,79000000,https://www.mobil123.com/dijual/kia-picanto-se-3-jawa-timur-kertajaya-indah/7956879
KIA Picanto,2012,79000000,https://www.mobil123.com/dijual/kia-picanto-se-3-jawa-timur-kertajaya-indah/7965231
KIA Picanto,2012,79000000,https://www.mobil123.com/dijual/kia-picanto-se-3-jawa-timur-kertajaya-indah/7967964
KIA Picanto,2012,79000000,https://www.mobil123.com/dijual/kia-picanto-se-3-jawa-timur-malang-kota/7948899
KIA Picanto,2012,79000000,https://www.mobil123.com/dijual/kia-picanto-se-3-jawa-timur-sidoarjo/7929618
KIA Picanto,2012,79000000,https://www.mobil123.com/dijual/kia-picanto-se-3-jawa-timur-sidoarjo/7947640
KIA Picanto,2012,79000000,https://www.mobil123.com/dijual/kia-picanto-se-3-jawa-timur-surabaya/7912207
KIA Picanto,2012,79000001,https://www.mobil123.com/dijual/kia-picanto-se-3-jawa-timur-sidoarjo/7935405
KIA Picanto,2012,79000001,https://www.mobil123.com/dijual/kia-picanto-se-3-jawa-timur-sidoarjo/7940300
KIA Picanto,2012,79000001,https://www.mobil123.com/dijual/kia-picanto-se-3-jawa-timur-surabaya/7942633
KIA Picanto,2012,79999001,https://www.mobil123.com/dijual/kia-picanto-se-3-jawa-timur-surabaya/7934613
KIA Picanto,2012,80000000,https://www.mobil123.com/dijual/kia-picanto-se-2-jawa-barat-bandung/7947072
KIA Picanto,2012,80000000,https://www.mobil123.com/dijual/kia-picanto-se-2-jawa-barat-bandung/7958877
KIA Picanto,2012,80000000,https://www.mobil123.com/dijual/kia-picanto-se-2-jawa-barat-bandung/7968173
KIA Picanto,2012,80000000,https://www.mobil123.com/dijual/kia-picanto-se-3-jawa-barat-bandung/7762801
KIA Picanto,2012,80000000,https://www.mobil123.com/dijual/kia-picanto-se-3-jawa-barat-bekasi/7479768
KIA Picanto,2012,80000005,https://www.mobil123.com/dijual/kia-picanto-se-3-jawa-timur-gresik/7936639
KIA Picanto,2012,80000005,https://www.mobil123.com/dijual/kia-picanto-se-3-jawa-timur-gresik/7942654
KIA Picanto,2012,80000005,https://www.mobil123.com/dijual/kia-picanto-se-3-jawa-timur-krembangan/7969215
KIA Picanto,2012,80000005,https://www.mobil123.com/dijual/kia-picanto-se-3-jawa-timur-mojokerto/7938835
KIA Picanto,2012,80000005,https://www.mobil123.com/dijual/kia-picanto-se-3-jawa-timur-sidoarjo/7935567
KIA Picanto,2012,80000005,https://www.mobil123.com/dijual/kia-picanto-se-3-jawa-timur-sidoarjo/7963378
KIA Picanto,2012,80000046,https://www.mobil123.com/dijual/kia-picanto-se-2-jawa-timur-gresik/7963565
KIA Picanto,2012,80000333,https://www.mobil123.com/dijual/kia-picanto-se-3-jawa-timur-mojokerto/7958503
KIA Picanto,2012,80000333,https://www.mobil123.com/dijual/kia-picanto-se-3-jawa-timur-mojokerto/7963092
KIA Picanto,2012,80000888,https://www.mobil123.com/dijual/kia-picanto-se-3-jawa-timur-bangil/7945278
KIA Picanto,2012,80000888,https://www.mobil123.com/dijual/kia-picanto-se-3-jawa-timur-galaxy-bumi-permai/7957958
KIA Picanto,2012,80000888,https://www.mobil123.com/dijual/kia-picanto-se-3-jawa-timur-galaxy-bumi-permai/7962577
KIA Picanto,2012,80000888,https://www.mobil123.com/dijual/kia-picanto-se-3-jawa-timur-jogoroto/7942392
KIA Picanto,2012,80000888,https://www.mobil123.com/dijual/kia-picanto-se-3-jawa-timur-mojoanyar/7953247
KIA Picanto,2012,80000888,https://www.mobil123.com/dijual/kia-picanto-se-3-jawa-timur-pacet/7960261
KIA Picanto,2012,80000888,https://www.mobil123.com/dijual/kia-picanto-se-3-jawa-timur-pondok-tjandra/7936672
KIA Picanto,2012,80000888,https://www.mobil123.com/dijual/kia-picanto-se-3-jawa-timur-pondok-tjandra/7969229
KIA Picanto,2012,80000888,https://www.mobil123.com/dijual/kia-picanto-se-3-jawa-timur-semampir/7938168
KIA Picanto,2012,80000888,https://www.mobil123.com/dijual/kia-picanto-se-3-jawa-timur-trawas/7939928
KIA Picanto,2012,80000888,https://www.mobil123.com/dijual/kia-picanto-se-3-jawa-timur-trawas/7947527
KIA Picanto,2012,80000888,https://www.mobil123.com/dijual/kia-picanto-se-3-jawa-timur-trawas/7950436
KIA Picanto,2012,80000945,https://www.mobil123.com/dijual/kia-picanto-se-3-jawa-timur-kertajaya-indah/7934870
KIA Picanto,2012,81000000,https://www.mobil123.com/dijual/kia-picanto-se-3-dki-jakarta-ancol/7500169
KIA Picanto,2012,82000000,https://www.mobil123.com/dijual/kia-picanto-se-3-jawa-barat-bandung/6291699
KIA Picanto,2012,84999999,https://www.mobil123.com/dijual/kia-picanto-se-3-jawa-timur-surabaya/7946349
KIA Picanto,2012,85000000,https://www.mobil123.com/dijual/kia-picanto-se-3-jawa-timur-surabaya/7787623
KIA Picanto,2012,85000030,https://www.mobil123.com/dijual/kia-picanto-se-3-jawa-timur-jemur/7934090
KIA Picanto,2012,85000333,https://www.mobil123.com/dijual/kia-picanto-se-3-jawa-timur-gresik/7960407
KIA Picanto,2012,85000888,https://www.mobil123.com/dijual/kia-picanto-se-3-jawa-timur-pondok-tjandra/7967406
KIA Picanto,2012,85999222,https://www.mobil123.com/dijual/kia-picanto-se-3-jawa-timur-unimas-garden-waru/7963055
KIA Picanto,2012,87000000,https://www.mobil123.com/dijual/kia-picanto-se-3-jawa-timur-surabaya/7825121
KIA Picanto,2012,87000046,https://www.mobil123.com/dijual/kia-picanto-se-2-jawa-timur-sidoarjo/7936784
KIA Picanto,2012,90000046,https://www.mobil123.com/dijual/kia-picanto-se-2-jawa-timur-sidoarjo/7949054
KIA Picanto,2013,70000000,https://www.mobil123.com/dijual/kia-picanto-se-3-banten-gading-serpong/7961369
KIA Picanto,2013,70000000,https://www.mobil123.com/dijual/kia-picanto-se-3-dki-jakarta-cilandak/7953054
KIA Picanto,2013,70000000,https://www.mobil123.com/dijual/kia-picanto-se-3-dki-jakarta-puri-indah/7961227
KIA Picanto,2013,74500000,https://www.mobil123.com/dijual/kia-picanto-se-3-banten-bintaro/7936226
KIA Picanto,2013,76000000,https://www.mobil123.com/dijual/kia-picanto-se-3-dki-jakarta-mangga-dua/7937261
KIA Picanto,2013,78000000,https://www.mobil123.com/dijual/kia-picanto-se-3-yogyakarta-sleman/7898568
KIA Picanto,2013,79000000,https://www.mobil123.com/dijual/kia-picanto-se-2-banten-citra-raya/7963472
KIA Picanto,2013,80000000,https://www.mobil123.com/dijual/kia-picanto-se-3-banten-pondok-aren/7848517
KIA Picanto,2013,80000000,https://www.mobil123.com/dijual/kia-picanto-se-3-banten-pondok-aren/7903028
KIA Picanto,2013,80000000,https://www.mobil123.com/dijual/kia-picanto-se-3-dki-jakarta-cempaka-putih/7848519
KIA Picanto,2013,80000000,https://www.mobil123.com/dijual/kia-picanto-se-3-dki-jakarta-cempaka-putih/7902910
KIA Picanto,2013,80000000,https://www.mobil123.com/dijual/kia-picanto-se-3-jawa-barat-babakanciparay/7855523
KIA Picanto,2013,80000000,https://www.mobil123.com/dijual/kia-picanto-se-3-jawa-barat-bandung/7894049
KIA Picanto,2013,80000000,https://www.mobil123.com/dijual/kia-picanto-se-3-jawa-barat-cilodong/7940290
KIA Picanto,2013,80000888,https://www.mobil123.com/dijual/kia-picanto-se-3-jawa-timur-pondok-tjandra/7934958
KIA Picanto,2013,80000888,https://www.mobil123.com/dijual/kia-picanto-se-3-jawa-timur-pondok-tjandra/7934968
KIA Picanto,2013,82000000,https://www.mobil123.com/dijual/kia-picanto-se-3-sumatera-selatan-palembang/7595258
KIA Picanto,2013,83000000,https://www.mobil123.com/dijual/kia-picanto-se-2-banten-serpong/7968498
KIA Picanto,2013,83000000,https://www.mobil123.com/dijual/kia-picanto-se-2-dki-jakarta-cempaka-putih/7960985
KIA Picanto,2013,83000000,https://www.mobil123.com/dijual/kia-picanto-se-3-banten-pamulang/7616705
KIA Picanto,2013,85000000,https://www.mobil123.com/dijual/kia-picanto-se-2-jawa-barat-karawang-timur/7889465
KIA Picanto,2013,85000000,https://www.mobil123.com/dijual/kia-picanto-se-3-dki-jakarta-tangerang/7451200
KIA Picanto,2013,85000000,https://www.mobil123.com/dijual/kia-picanto-se-3-jawa-barat-bandung/7969048
KIA Picanto,2013,90000000,https://www.mobil123.com/dijual/kia-picanto-se-2-jawa-timur-jabon/7935802
KIA Picanto,2013,90000000,https://www.mobil123.com/dijual/kia-picanto-se-2-jawa-timur-klampis/7816171
KIA Picanto,2013,90000000,https://www.mobil123.com/dijual/kia-picanto-se-2-jawa-timur-sidoarjo/7815888
KIA Picanto,2013,90000000,https://www.mobil123.com/dijual/kia-picanto-se-3-jawa-timur-surabaya/7802311
KIA Picanto,2013,92000000,https://www.mobil123.com/dijual/kia-picanto-se-2-kepulauan-riau-tanjung-pinang/7890283
KIA Picanto,2013,92500000,https://www.mobil123.com/dijual/kia-picanto-se-2-jawa-timur-surabaya/7792026
KIA Picanto,2013,92500000,https://www.mobil123.com/dijual/kia-picanto-se-2-jawa-timur-surabaya/7799981
KIA Picanto,2013,92500000,https://www.mobil123.com/dijual/kia-picanto-se-2-jawa-timur-surabaya/7811537
KIA Picanto,2013,95000000,https://www.mobil123.com/dijual/kia-picanto-se-2-jawa-timur-gununganyar/7854879
KIA Picanto,2013,95000000,https://www.mobil123.com/dijual/kia-picanto-se-2-jawa-timur-krian/7900678
KIA Picanto,2013,97000000,https://www.mobil123.com/dijual/kia-picanto-se-2-jawa-barat-bandung/7751335
KIA Picanto,2014,102000000,https://www.mobil123.com/dijual/kia-picanto-se-2-jawa-barat-bandung/7907877
KIA Picanto,2014,80000000,https://www.mobil123.com/dijual/kia-picanto-se-2-bali-denpasar/7967206
KIA Picanto,2014,82000000,https://www.mobil123.com/dijual/kia-picanto-se-3-jawa-tengah-tembalang/7931176
KIA Picanto,2014,95000000,https://www.mobil123.com/dijual/kia-picanto-se-5-bali-batubulan/7955186
KIA Picanto,2015,85000000,https://www.mobil123.com/dijual/kia-picanto-se-5-jawa-barat-cilengkrang/7954699
KIA Picanto,2016,85000000,https://www.mobil123.com/dijual/kia-picanto-se-5-sumatera-utara-medan-amplas/7898896
KIA Picanto,2016,95500000,https://www.mobil123.com/dijual/kia-picanto-se-5-sumatera-utara-medan-amplas/7898913
KIA Picanto,2017,108000000,https://www.mobil123.com/dijual/kia-picanto-ta-dki-jakarta-kalimalang/6924737
KIA Pride,2007,67000000,https://www.mobil123.com/dijual/kia-pride-jawa-timur-kediri/7716394
KIA Rio,2012,105000000,https://www.mobil123.com/dijual/kia-rio-ub-bali-denpasar/7898773
KIA Rio,2012,105000000,https://www.mobil123.com/dijual/kia-rio-ub-bali-denpasar/7940086
KIA Rio,2012,105000000,https://www.mobil123.com/dijual/kia-rio-ub-kalimantan-timur-samarinda-ulu/7960195
KIA Rio,2012,107000000,https://www.mobil123.com/dijual/kia-rio-ub-jawa-tengah-klaten-selatan/7359038
KIA Rio,2012,109000000,https://www.mobil123.com/dijual/kia-rio-ub-jawa-barat-bandung/7722058
KIA Rio,2012,115000000,https://www.mobil123.com/dijual/kia-rio-ub-jawa-barat-bekasi-barat/7849135
KIA Rio,2012,115000000,https://www.mobil123.com/dijual/kia-rio-ub-jawa-barat-bekasi-barat/7934896
KIA Rio,2012,124000000,https://www.mobil123.com/dijual/kia-rio-ub-bali-denpasar/7967078
KIA Rio,2012,97000000,https://www.mobil123.com/dijual/kia-rio-ub-yogyakarta-yogyakarta/7897192
KIA Rio,2012,99000000,https://www.mobil123.com/dijual/kia-rio-ub-yogyakarta-yogyakarta/7715036
KIA Rio,2013,103000000,https://www.mobil123.com/dijual/kia-rio-ub-yogyakarta-yogyakarta/7486812
KIA Rio,2013,105000000,https://www.mobil123.com/dijual/kia-rio-ub-jawa-barat-bandung/7965785
KIA Rio,2013,107000000,https://www.mobil123.com/dijual/kia-rio-ub-jawa-barat-cimareme-padalarang/7886438
KIA Rio,2013,110000000,https://www.mobil123.com/dijual/kia-rio-ub-jawa-barat-bandung/7947769
KIA Rio,2013,117000000,https://www.mobil123.com/dijual/kia-rio-ub-bali-bali/7953345
KIA Rio,2013,117000000,https://www.mobil123.com/dijual/kia-rio-ub-jawa-barat-bandung/7467739
KIA Rio,2013,120000000,https://www.mobil123.com/dijual/kia-rio-ub-jawa-barat-soreang/7832386
KIA Rio,2013,122000000,https://www.mobil123.com/dijual/kia-rio-ub-kepulauan-riau-batam/7888625
KIA Rio,2013,128000000,https://www.mobil123.com/dijual/kia-rio-ub-jawa-barat-bandung/7761327
KIA Rio,2013,128500000,https://www.mobil123.com/dijual/kia-rio-ub-jawa-barat-astanaanyar/7905514
KIA Rio,2014,100000000,https://www.mobil123.com/dijual/kia-rio-ub-banten-tangerang/7907103
KIA Rio,2014,115000000,https://www.mobil123.com/dijual/kia-rio-ub-yogyakarta-yogyakarta/7950684
KIA Rio,2014,118000000,https://www.mobil123.com/dijual/kia-rio-ub-yogyakarta-yogyakarta/7878652
KIA Rio,2014,85000000,https://www.mobil123.com/dijual/kia-rio-ub-nangroe-aceh-darussalam-meuraksa/7947544
KIA Rio,2015,135000000,https://www.mobil123.com/dijual/kia-rio-ub-jawa-timur-kenjeran/7242411
KIA Rio,2015,145000000,https://www.mobil123.com/dijual/kia-rio-platinum-dki-jakarta-senayan/7934101
KIA Rio,2015,90000000,https://www.mobil123.com/dijual/kia-rio-ub-jawa-timur-margorejo/7770941
KIA Rio,2016,138000000,https://www.mobil123.com/dijual/kia-rio-ub-jawa-barat-bandung/7709558
KIA Rio,2016,141000000,https://www.mobil123.com/dijual/kia-rio-ub-dki-jakarta-mangga-dua/7907647
KIA Rio,2016,142000000,https://www.mobil123.com/dijual/kia-rio-platinum-jawa-barat-bandung/7454869
KIA Rio,2017,185000000,https://www.mobil123.com/dijual/kia-rio-platinum-yogyakarta-sleman/7917008
KIA Sedona,2002,70000000,https://www.mobil123.com/dijual/kia-sedona-gs-dki-jakarta-kebayoran-lama/5605087
KIA Sedona,2002,74000000,https://www.mobil123.com/dijual/kia-sedona-td-jawa-barat-bandung-selatan/7965182
KIA Sedona,2003,58000000,https://www.mobil123.com/dijual/kia-sedona-gs-jawa-timur-gubeng/7300466
KIA Sedona,2003,59000000,https://www.mobil123.com/dijual/kia-sedona-gs-jawa-timur-gubeng/7316119
KIA Sorento,2003,85000000,https://www.mobil123.com/dijual/kia-sorento-bl-dki-jakarta-kebayoran-lama/7601632
KIA Sorento,2013,185000000,https://www.mobil123.com/dijual/kia-sorento-xm-banten-alam-sutera/7941190
KIA Sorento,2013,185000000,https://www.mobil123.com/dijual/kia-sorento-xm-dki-jakarta-kemayoran/7952529
KIA Sorento,2013,248000000,https://www.mobil123.com/dijual/kia-sorento-xm-jawa-barat-bandung/7907661
KIA Sorento,2013,248000000,https://www.mobil123.com/dijual/kia-sorento-xm-jawa-barat-bandung/7931306
KIA Sorento,2014,220000000,https://www.mobil123.com/dijual/kia-sorento-xm-jawa-barat-cimanggis/7952680
KIA Sorento,2014,251000000,https://www.mobil123.com/dijual/kia-sorento-xm-jawa-barat-jatiwaringin/7279645
KIA Sportage,2011,108000000,https://www.mobil123.com/dijual/kia-sportage-ex-dki-jakarta-duren-sawit/7958684
KIA Sportage,2011,150000000,https://www.mobil123.com/dijual/kia-sportage-ex-jawa-barat-arcamanik/6476308
KIA Sportage,2012,140000000,https://www.mobil123.com/dijual/kia-sportage-ex-jawa-barat-bekasi/7430435
KIA Sportage,2012,140000000,https://www.mobil123.com/dijual/kia-sportage-ex-jawa-barat-bekasi/7431221
KIA Sportage,2013,155000000,https://www.mobil123.com/dijual/kia-sportage-platinum-dki-jakarta-mangga-dua/7366814
KIA Sportage,2013,165000000,https://www.mobil123.com/dijual/kia-sportage-ex-jawa-barat-bekasi-barat/7476908
KIA Sportage,2013,176000000,https://www.mobil123.com/dijual/kia-sportage-ex-banten-sepatan/7954902
KIA Sportage,2014,190000000,https://www.mobil123.com/dijual/kia-sportage-ex-dki-jakarta-kemayoran/7892962
KIA Sportage,2014,190000000,https://www.mobil123.com/dijual/kia-sportage-ex-dki-jakarta-pademangan/7881615
KIA Travello,2013,120000000,https://www.mobil123.com/dijual/kia-travello-option-2-nangroe-aceh-darussalam-meuraksa/7947619
KIA Visto,2000,43500000,https://www.mobil123.com/dijual/kia-visto-series-1-jawa-barat-tambun-selatan/7937093
KIA Visto,2001,36000000,https://www.mobil123.com/dijual/kia-visto-series-1-jawa-barat-ujungberung/7898484
KIA Visto,2001,45000000,https://www.mobil123.com/dijual/kia-visto-series-1-jawa-timur-kediri/7598919
KIA Visto,2001,46000000,https://www.mobil123.com/dijual/kia-visto-series-1-jawa-timur-kediri/7716001
KIA Visto,2001,46000000,https://www.mobil123.com/dijual/kia-visto-series-1-jawa-timur-kediri/7960354
KIA Visto,2002,42000000,https://www.mobil123.com/dijual/kia-visto-series-1-jawa-timur-kediri/7969709
KIA Visto,2002,45000000,https://www.mobil123.com/dijual/kia-visto-series-1-jawa-timur-kedungkandang/7966372
KIA Visto,2002,45000000,https://www.mobil123.com/dijual/kia-visto-series-1-jawa-timur-sutorejo/7920273
KIA Visto,2002,47000000,https://www.mobil123.com/dijual/kia-visto-series-1-jawa-timur-kediri/7935762
KIA Visto,2003,52000000,https://www.mobil123.com/dijual/kia-visto-series-1-jawa-timur-malang-kota/7240555
KIA Carens,2005,57000000,https://garasi.id/mobil-bekas/2005-kia-carens/00tp125
KIA Carens,2006,58000000,https://garasi.id/mobil-bekas/2006-kia-carens-ii/00tp134
KIA Carens,2007,75000000,https://garasi.id/mobil-bekas/2007-kia-carens-ii/00tp670
KIA Picanto,2012,71000000,https://garasi.id/mobil-bekas/2012-kia-picanto/00tl562
KIA Picanto,2012,73500000,https://garasi.id/mobil-bekas/2012-kia-picanto/00tl811
KIA Picanto,2012,78000000,https://garasi.id/mobil-bekas/2012-kia-picanto/00tn754
KIA Picanto,2012,78000000,https://garasi.id/mobil-bekas/2012-kia-picanto/00tq716
KIA Picanto,2012,78000000,https://garasi.id/mobil-bekas/2012-kia-picanto/00tr918
KIA Picanto,2012,78000000,https://garasi.id/mobil-bekas/2012-kia-picanto/00tr920
KIA Picanto,2012,78000000,https://garasi.id/mobil-bekas/2012-kia-picanto/00tr923
KIA Picanto,2012,80000000,https://garasi.id/mobil-bekas/2012-kia-picanto/00tm431
KIA Picanto,2012,82500000,https://garasi.id/mobil-bekas/2012-kia-picanto/00ts158
KIA Picanto,2012,90000000,https://garasi.id/mobil-bekas/2012-kia-picanto/00tn231
KIA Picanto,2013,75000000,https://garasi.id/mobil-bekas/2013-kia-picanto/00tm262
KIA Picanto,2013,79000000,https://garasi.id/mobil-bekas/2013-kia-picanto/00ts636
KIA Picanto,2013,80000000,https://garasi.id/mobil-bekas/2013-kia-picanto/00tp770
KIA Picanto,2013,83000000,https://garasi.id/mobil-bekas/2013-kia-picanto/00ts947
KIA Picanto,2013,83500000,https://garasi.id/mobil-bekas/2013-kia-picanto/00tp641
KIA Picanto,2013,85000000,https://garasi.id/mobil-bekas/2013-kia-picanto/00tm673
KIA Picanto,2013,87000000,https://garasi.id/mobil-bekas/2013-kia-picanto/00tq034
KIA Picanto,2013,90000000,https://garasi.id/mobil-bekas/2013-kia-picanto/00th291
KIA Picanto,2017,108000000,https://garasi.id/mobil-bekas/2017-kia-picanto/00tn332
KIA Picanto,2017,110000000,https://garasi.id/mobil-bekas/2017-kia-picanto/00tm895
KIA Pride,2011,70000000,https://garasi.id/mobil-bekas/2011-kia-pride/00tn606
KIA Pride,2011,75000000,https://garasi.id/mobil-bekas/2011-kia-pride/00tm727
KIA Rio,2013,105000000,https://garasi.id/mobil-bekas/2013-kia-rio/00tm951
KIA Rio,2013,107000000,https://garasi.id/mobil-bekas/2013-kia-rio/00tl565
KIA Rio,2013,128500000,https://garasi.id/mobil-bekas/2013-kia-rio/00tm095
KIA Rio,2013,89000000,https://garasi.id/mobil-bekas/2013-kia-rio/00tq983
KIA Rio,2014,117000000,https://garasi.id/mobil-bekas/2014-kia-rio/00ts692
KIA Rio,2015,145000000,https://garasi.id/mobil-bekas/2015-kia-rio/00tq303
KIA Rio,2016,130000000,https://garasi.id/mobil-bekas/2016-kia-rio/00tq101
KIA Rio,2016,143000000,https://garasi.id/mobil-bekas/2016-kia-rio/00tm289
KIA Rio,2016,154999000,https://garasi.id/mobil-bekas/2016-kia-rio/00tr304
KIA Sedona,2016,337000000,https://garasi.id/mobil-bekas/2016-kia-sedona/00tp372
KIA Sorento,2014,220000000,https://garasi.id/mobil-bekas/2014-kia-sorento/00tr379
KIA Sportage,2001,28000000,https://garasi.id/mobil-bekas/2001-kia-sportage-i/00tt022
KIA Sportage,2013,125000000,https://garasi.id/mobil-bekas/2013-kia-sportage-ii/00tp965
KIA Sportage,2014,135000000,https://garasi.id/mobil-bekas/2014-kia-sportage-iii/00th736
KIA Visto,2002,40000000,https://garasi.id/mobil-bekas/2002-kia-visto/00tm911
KIA Carens,2001,50000000,https://www.oto.com//detail-mobil-bekas/kia-carens-lx-at-480236
KIA Carens,2001,60000000,https://www.oto.com//detail-mobil-bekas/kia-carens-lx-at-480235
KIA Carens,2002,47000000,https://www.oto.com//detail-mobil-bekas/kia-carens-lx-at-485468
KIA Carens,2020,135000000,https://www.oto.com//detail-mobil-bekas/kia-carens-lx-at-477326
KIA Carens,2020,60000000,https://www.oto.com//detail-mobil-bekas/kia-carens-2-0-gdi-mt-486485
KIA Picanto,2004,58500000,https://www.oto.com//detail-mobil-bekas/kia-picanto-option-1-1l-at-485455
KIA Picanto,2010,60000000,https://www.oto.com//detail-mobil-bekas/kia-picanto-se-1-2l-mt-488447
KIA Picanto,2010,62000000,https://www.oto.com//detail-mobil-bekas/kia-picanto-1-1l-mt-504727
KIA Picanto,2010,65000000,https://www.oto.com//detail-mobil-bekas/kia-picanto-1-1l-at-option-2-491477
KIA Picanto,2011,100000000,https://www.oto.com//detail-mobil-bekas/kia-picanto-mt-495137
KIA Picanto,2011,60000000,https://www.oto.com//detail-mobil-bekas/kia-picanto-mt-502849
KIA Picanto,2011,60000000,https://www.oto.com//detail-mobil-bekas/kia-picanto-se-1-2l-mt-491686
KIA Picanto,2011,65000000,https://www.oto.com//detail-mobil-bekas/kia-picanto-1-1l-mt-487597
KIA Picanto,2012,100000000,https://www.oto.com//detail-mobil-bekas/kia-picanto-gt-mt-486574
KIA Picanto,2012,70000000,https://www.oto.com//detail-mobil-bekas/kia-picanto-gt-mt-477329
KIA Picanto,2012,75000000,https://www.oto.com//detail-mobil-bekas/kia-picanto-at-491698
KIA Picanto,2012,75000000,https://www.oto.com//detail-mobil-bekas/kia-picanto-se-1-2l-at-493098
KIA Picanto,2012,75000000,https://www.oto.com//detail-mobil-bekas/kia-picanto-se-1-2l-at-499732
KIA Picanto,2012,76000000,https://www.oto.com//detail-mobil-bekas/kia-picanto-gt-mt-484563
KIA Picanto,2012,77000000,https://www.oto.com//detail-mobil-bekas/kia-picanto-gt-mt-479265
KIA Picanto,2012,82500000,https://www.oto.com//detail-mobil-bekas/kia-picanto-at-492472
KIA Picanto,2012,84000000,https://www.oto.com//detail-mobil-bekas/kia-picanto-ex-mt-478953
KIA Picanto,2012,90000000,https://www.oto.com//detail-mobil-bekas/kia-picanto-ex-at-478877
KIA Picanto,2013,80000000,https://www.oto.com//detail-mobil-bekas/kia-picanto-se-1-2l-mt-500780
KIA Picanto,2013,83000000,https://www.oto.com//detail-mobil-bekas/kia-picanto-1-2l-at-507701
KIA Picanto,2013,90000000,https://www.oto.com//detail-mobil-bekas/kia-picanto-1-1l-mt-499006
KIA Picanto,2013,92000000,https://www.oto.com//detail-mobil-bekas/kia-picanto-at-502919
KIA Picanto,2013,92000000,https://www.oto.com//detail-mobil-bekas/kia-picanto-at-502936
KIA Picanto,2013,95000000,https://www.oto.com//detail-mobil-bekas/kia-picanto-gt-at-478573
KIA Picanto,2014,110000000,https://www.oto.com//detail-mobil-bekas/kia-picanto-se-1-2l-mt-493201
KIA Picanto,2020,65000000,https://www.oto.com//detail-mobil-bekas/kia-picanto-gt-at-479291
KIA Picanto,2020,65000000,https://www.oto.com//detail-mobil-bekas/kia-picanto-gt-mt-479201
KIA Picanto,2020,66000000,https://www.oto.com//detail-mobil-bekas/kia-picanto-1-1l-mt-option-2-503566
KIA Picanto,2020,90000000,https://www.oto.com//detail-mobil-bekas/kia-picanto-1-0l-turbocharger-477058
KIA Picanto,2020,95000000,https://www.oto.com//detail-mobil-bekas/kia-picanto-se-1-2l-mt-493904
KIA Picanto,2021,60000000,https://www.oto.com//detail-mobil-bekas/kia-picanto-se-1-2l-mt-505413
KIA Picanto,2021,63000000,https://www.oto.com//detail-mobil-bekas/kia-picanto-1-1l-mt-option-2-507972
KIA Rio,2001,50000000,https://www.oto.com//detail-mobil-bekas/kia-rio-at-479830
KIA Rio,2012,100000000,https://www.oto.com//detail-mobil-bekas/kia-rio-2016-1-4-gasoline-engine-5mt-482353
KIA Rio,2012,105000000,https://www.oto.com//detail-mobil-bekas/kia-rio-at-501423
KIA Rio,2012,95000000,https://www.oto.com//detail-mobil-bekas/kia-rio-2016-mt-479343
KIA Rio,2012,95000000,https://www.oto.com//detail-mobil-bekas/kia-rio-se-1-4l-at-492601
KIA Rio,2013,105000000,https://www.oto.com//detail-mobil-bekas/kia-rio-mt-478794
KIA Rio,2014,115000000,https://www.oto.com//detail-mobil-bekas/kia-rio-mt-484850
KIA Rio,2016,125000000,https://www.oto.com//detail-mobil-bekas/kia-rio-2016-1-4-gasoline-engine-5mt-502532
KIA Sorento,2013,222000000,https://www.oto.com//detail-mobil-bekas/kia-sorento-at-gasoline-481675
KIA Sorento,2014,220000000,https://www.oto.com//detail-mobil-bekas/kia-sorento-at-diesel-507345
KIA Sportage,2013,170000000,https://www.oto.com//detail-mobil-bekas/kia-sportage-4wd-2-0l-at-506570
KIA Sportage,2014,185000000,https://www.oto.com//detail-mobil-bekas/kia-sportage-2015-ex-at-ring-18-480693
KIA Travello,2007,57000000,https://www.oto.com//detail-mobil-bekas/kia-travello-2-7l-mt-503675
KIA Visto,2003,41500000,https://www.oto.com//detail-mobil-bekas/kia-visto-zivedrivemanual-491073
KIA Visto,2003,52000000,https://www.oto.com//detail-mobil-bekas/kia-visto-zivedrivemanual-495612

KIA Picanto,2011,100000000,https://momobil.id/detail-mobil-bekas/kia/kia-all-new-picanto-at-2011-108692
KIA Picanto,2011,100000000,https://momobil.id/detail-mobil-bekas/kia/kia-all-new-picanto-se-5-a-t-2011-111032
KIA Picanto,2011,100000000,https://momobil.id/detail-mobil-bekas/kia/kia-new-picanto-cosmo-se-m-t-2011-106954
KIA Picanto,2011,100000000,https://momobil.id/detail-mobil-bekas/kia/kia-picanto-2011-223223
KIA Picanto,2011,110000000,https://momobil.id/detail-mobil-bekas/kia/kia-picanto-2011-223673
KIA Picanto,2011,110000000,https://momobil.id/detail-mobil-bekas/kia/kia-picanto-se-at-std-2011-129122
KIA Picanto,2011,67000000,https://momobil.id/detail-mobil-bekas/kia/kia-picanto-2011-130170
KIA Picanto,2011,68000000,https://momobil.id/detail-mobil-bekas/kia/kia-picanto-ex-1-1-a-t-2011-134236
KIA Picanto,2011,70000000,https://momobil.id/detail-mobil-bekas/kia/kia-picanto-2011-143956
KIA Picanto,2011,70000000,https://momobil.id/detail-mobil-bekas/kia/kia-picanto-gls-m-t-2011-219901
KIA Picanto,2011,71000000,https://momobil.id/detail-mobil-bekas/kia/kia-all-new-picanto-at-2011-130603
KIA Picanto,2011,73000000,https://momobil.id/detail-mobil-bekas/kia/kia-picanto-se-m-t-std-2011-216984
KIA Picanto,2011,75000000,https://momobil.id/detail-mobil-bekas/kia/kia-new-picanto-cosmo-se-m-t-2011-216489
KIA Picanto,2011,76000000,https://momobil.id/detail-mobil-bekas/kia/kia-picanto-1-1-m-t-opt-2011-129253
KIA Picanto,2011,77000000,https://momobil.id/detail-mobil-bekas/kia/kia-picanto-2011-152925
KIA Picanto,2011,77000000,https://momobil.id/detail-mobil-bekas/kia/kia-picanto-cosmo-ex-mt-2011-112423
KIA Picanto,2011,77000000,https://momobil.id/detail-mobil-bekas/kia/kia-picanto-cosmo-ex-mt-2011-209064
KIA Picanto,2011,77000000,https://momobil.id/detail-mobil-bekas/kia/kia-picanto-gls-m-t-2011-129363
KIA Picanto,2011,77000000,https://momobil.id/detail-mobil-bekas/kia/kia-picanto-gls-m-t-2011-192495
KIA Picanto,2011,78000000,https://momobil.id/detail-mobil-bekas/kia/kia-picanto-2011-137244
KIA Picanto,2011,78000000,https://momobil.id/detail-mobil-bekas/kia/kia-picanto-2011-154379
KIA Picanto,2011,79000000,https://momobil.id/detail-mobil-bekas/kia/kia-picanto-2011-111699
KIA Picanto,2011,80000000,https://momobil.id/detail-mobil-bekas/kia/kia-picanto-1-1-m-t-opt-2011-115960
KIA Picanto,2011,80000000,https://momobil.id/detail-mobil-bekas/kia/kia-picanto-2011-135587
KIA Picanto,2011,80000000,https://momobil.id/detail-mobil-bekas/kia/kia-picanto-2011-161818
KIA Picanto,2011,80000000,https://momobil.id/detail-mobil-bekas/kia/kia-picanto-2011-98050
KIA Picanto,2011,80000000,https://momobil.id/detail-mobil-bekas/kia/kia-picanto-cosmo-ex-mt-2011-108703
KIA Picanto,2011,80000000,https://momobil.id/detail-mobil-bekas/kia/kia-picanto-cosmo-ex-mt-2011-111904
KIA Picanto,2011,85000000,https://momobil.id/detail-mobil-bekas/kia/kia-all-new-picanto-mt-2011-212773
KIA Picanto,2011,85000000,https://momobil.id/detail-mobil-bekas/kia/kia-new-picanto-cosmo-se-m-t-2011-101897
KIA Picanto,2011,85000000,https://momobil.id/detail-mobil-bekas/kia/kia-picanto-2011-155149
KIA Picanto,2011,85000000,https://momobil.id/detail-mobil-bekas/kia/kia-picanto-2011-210596
KIA Picanto,2011,85000000,https://momobil.id/detail-mobil-bekas/kia/kia-picanto-se-at-std-2011-128458
KIA Picanto,2011,85000000,https://momobil.id/detail-mobil-bekas/kia/kia-picanto-se-m-t-std-2011-129089
KIA Picanto,2011,85000000,https://momobil.id/detail-mobil-bekas/kia/kia-picanto-ta-1-2-m-t-2011-108062
KIA Picanto,2011,86500000,https://momobil.id/detail-mobil-bekas/kia/kia-picanto-2011-137247
KIA Picanto,2011,89000000,https://momobil.id/detail-mobil-bekas/kia/kia-picanto-gls-a-t-2011-97792
KIA Picanto,2011,90000000,https://momobil.id/detail-mobil-bekas/kia/kia-picanto-gls-m-t-2011-101902
KIA Picanto,2011,90000000,https://momobil.id/detail-mobil-bekas/kia/kia-picanto-se-at-std-2011-126690
KIA Picanto,2011,92000000,https://momobil.id/detail-mobil-bekas/kia/kia-all-new-picanto-at-2011-109411
KIA Picanto,2011,92000000,https://momobil.id/detail-mobil-bekas/kia/kia-picanto-se-51-2l-plat-at-2011-138197
KIA Picanto,2011,94000000,https://momobil.id/detail-mobil-bekas/kia/kia-picanto-se-mt-opt-2-2011-113327
KIA Picanto,2011,95000000,https://momobil.id/detail-mobil-bekas/kia/kia-all-new-picanto-at-2011-221751
KIA Picanto,2011,95000000,https://momobil.id/detail-mobil-bekas/kia/kia-new-picanto-cosmo-se-a-t-2011-223837
KIA Picanto,2011,95000000,https://momobil.id/detail-mobil-bekas/kia/kia-picanto-2011-104711
KIA Picanto,2011,95000000,https://momobil.id/detail-mobil-bekas/kia/kia-picanto-glx-2011-152855
KIA Picanto,2011,96000000,https://momobil.id/detail-mobil-bekas/kia/kia-picanto-gls-mt-1-1-2011-137772
KIA Picanto,2012,100000000,https://momobil.id/detail-mobil-bekas/kia/kia-picanto-gls-mt-1-1-2012-113849
KIA Picanto,2012,100000000,https://momobil.id/detail-mobil-bekas/kia/kia-picanto-se-m-t-std-2012-115633
KIA Picanto,2012,100000000,https://momobil.id/detail-mobil-bekas/kia/kia-picanto-se-m-t-std-2012-132139
KIA Picanto,2012,102000000,https://momobil.id/detail-mobil-bekas/kia/kia-picanto-se-at-std-2012-212730
KIA Picanto,2012,105000000,https://momobil.id/detail-mobil-bekas/kia/kia-all-new-picanto-1-2-at-ex-z1-2012-133234
KIA Picanto,2012,105000000,https://momobil.id/detail-mobil-bekas/kia/kia-all-new-picanto-at-2012-133553
KIA Picanto,2012,105000000,https://momobil.id/detail-mobil-bekas/kia/kia-all-new-picanto-mt-2012-103411
KIA Picanto,2012,105000000,https://momobil.id/detail-mobil-bekas/kia/kia-all-new-picanto-ta-a-t-2012-102270
KIA Picanto,2012,105000000,https://momobil.id/detail-mobil-bekas/kia/kia-picanto-se-at-std-2012-123029
KIA Picanto,2012,105000000,https://momobil.id/detail-mobil-bekas/kia/kia-picanto-se-m-t-std-2012-118658
KIA Picanto,2012,105000000,https://momobil.id/detail-mobil-bekas/kia/kia-picanto-se-mt-opt-2-2012-118202
KIA Picanto,2012,108000000,https://momobil.id/detail-mobil-bekas/kia/kia-all-new-picanto-ta-a-t-2012-102285
KIA Picanto,2012,110000000,https://momobil.id/detail-mobil-bekas/kia/kia-all-new-picanto-at-2012-152526
KIA Picanto,2012,110000000,https://momobil.id/detail-mobil-bekas/kia/kia-all-new-picanto-se-5-a-t-2012-100839
KIA Picanto,2012,110000000,https://momobil.id/detail-mobil-bekas/kia/kia-picanto-se-m-t-std-2012-118813
KIA Picanto,2012,110000000,https://momobil.id/detail-mobil-bekas/kia/kia-picanto-ta-1-2-m-t-2012-100830
KIA Picanto,2012,115000000,https://momobil.id/detail-mobil-bekas/kia/kia-all-new-picanto-ta-m-t-2012-105217
KIA Picanto,2012,115000000,https://momobil.id/detail-mobil-bekas/kia/kia-picanto-se-at-std-2012-119254
KIA Picanto,2012,120000000,https://momobil.id/detail-mobil-bekas/kia/kia-new-picanto-cosmo-se-a-t-2012-128539
KIA Picanto,2012,120000000,https://momobil.id/detail-mobil-bekas/kia/kia-picanto-ta-1-2-m-t-2012-111652
KIA Picanto,2012,140000000,https://momobil.id/detail-mobil-bekas/kia/kia-picanto-gls-mt-1-1-2012-107714
KIA Picanto,2012,73000000,https://momobil.id/detail-mobil-bekas/kia/kia-picanto-se-at-std-2012-207083
KIA Picanto,2012,74000000,https://momobil.id/detail-mobil-bekas/kia/kia-all-new-picanto-mt-2012-217811
KIA Picanto,2012,74000000,https://momobil.id/detail-mobil-bekas/kia/kia-picanto-se-at-std-2012-201372
KIA Picanto,2012,75000000,https://momobil.id/detail-mobil-bekas/kia/kia-all-new-picanto-1-2-at-ex-z1-2012-226235
KIA Picanto,2012,75000000,https://momobil.id/detail-mobil-bekas/kia/kia-picanto-2012-137432
KIA Picanto,2012,75000000,https://momobil.id/detail-mobil-bekas/kia/kia-picanto-2012-162638
KIA Picanto,2012,75000000,https://momobil.id/detail-mobil-bekas/kia/kia-picanto-se-at-std-2012-213911
KIA Picanto,2012,76000000,https://momobil.id/detail-mobil-bekas/kia/kia-picanto-se-m-t-std-2012-222054
KIA Picanto,2012,77000000,https://momobil.id/detail-mobil-bekas/kia/kia-all-new-picanto-at-2012-217115
KIA Picanto,2012,77000000,https://momobil.id/detail-mobil-bekas/kia/kia-picanto-se-at-std-2012-205322
KIA Picanto,2012,77000000,https://momobil.id/detail-mobil-bekas/kia/kia-picanto-se-mt-opt-2-2012-219538
KIA Picanto,2012,78000000,https://momobil.id/detail-mobil-bekas/kia/kia-picanto-2012-129761
KIA Picanto,2012,78000000,https://momobil.id/detail-mobil-bekas/kia/kia-picanto-2012-162636
KIA Picanto,2012,78000000,https://momobil.id/detail-mobil-bekas/kia/kia-picanto-cosmo-ex-mt-2012-112186
KIA Picanto,2012,78500000,https://momobil.id/detail-mobil-bekas/kia/kia-picanto-2012-165228
KIA Picanto,2012,79000000,https://momobil.id/detail-mobil-bekas/kia/kia-picanto-2012-138916
KIA Picanto,2012,80000000,https://momobil.id/detail-mobil-bekas/kia/kia-all-new-picanto-mt-2012-215243
KIA Picanto,2012,80000000,https://momobil.id/detail-mobil-bekas/kia/kia-picanto-2012-138956
KIA Picanto,2012,80000000,https://momobil.id/detail-mobil-bekas/kia/kia-picanto-2012-228369
KIA Picanto,2012,80000000,https://momobil.id/detail-mobil-bekas/kia/kia-picanto-se-at-std-2012-210820
KIA Picanto,2012,83000000,https://momobil.id/detail-mobil-bekas/kia/kia-picanto-se-at-std-2012-227349
KIA Picanto,2012,85000000,https://momobil.id/detail-mobil-bekas/kia/kia-all-new-picanto-at-2012-99364
KIA Picanto,2012,85000000,https://momobil.id/detail-mobil-bekas/kia/kia-picanto-2012-124221
KIA Picanto,2012,85000000,https://momobil.id/detail-mobil-bekas/kia/kia-picanto-2012-126173
KIA Picanto,2012,85000000,https://momobil.id/detail-mobil-bekas/kia/kia-picanto-se-at-opt-2-2012-134284
KIA Picanto,2012,85000000,https://momobil.id/detail-mobil-bekas/kia/kia-picanto-se-at-std-2012-114769
KIA Picanto,2012,85000000,https://momobil.id/detail-mobil-bekas/kia/kia-picanto-se-at-std-2012-213261
KIA Picanto,2012,85000000,https://momobil.id/detail-mobil-bekas/kia/kia-picanto-se-m-t-opt1-2012-212827
KIA Picanto,2012,86000000,https://momobil.id/detail-mobil-bekas/kia/kia-picanto-se-m-t-std-2012-121498
KIA Picanto,2012,86500000,https://momobil.id/detail-mobil-bekas/kia/kia-all-new-picanto-at-2012-216986
KIA Picanto,2012,87000000,https://momobil.id/detail-mobil-bekas/kia/kia-picanto-cosmo-ex-at-2012-210880
KIA Picanto,2012,87000000,https://momobil.id/detail-mobil-bekas/kia/kia-picanto-gls-m-t-2012-117050
KIA Picanto,2012,88000000,https://momobil.id/detail-mobil-bekas/kia/kia-all-new-picanto-at-2012-109944
KIA Picanto,2012,88000000,https://momobil.id/detail-mobil-bekas/kia/kia-picanto-2012-122564
KIA Picanto,2012,88000000,https://momobil.id/detail-mobil-bekas/kia/kia-picanto-2012-207895
KIA Picanto,2012,88000000,https://momobil.id/detail-mobil-bekas/kia/kia-picanto-se-m-t-std-2012-145192
KIA Picanto,2012,89000000,https://momobil.id/detail-mobil-bekas/kia/kia-picanto-2012-136155
KIA Picanto,2012,89000000,https://momobil.id/detail-mobil-bekas/kia/kia-picanto-2012-154397
KIA Picanto,2012,90000000,https://momobil.id/detail-mobil-bekas/kia/kia-all-new-picanto-at-2012-113227
KIA Picanto,2012,90000000,https://momobil.id/detail-mobil-bekas/kia/kia-all-new-picanto-mt-2012-109948
KIA Picanto,2012,90000000,https://momobil.id/detail-mobil-bekas/kia/kia-all-new-picanto-se-5-a-t-2012-111716
KIA Picanto,2012,90000000,https://momobil.id/detail-mobil-bekas/kia/kia-all-new-picanto-se-5-a-t-2012-120288
KIA Picanto,2012,90000000,https://momobil.id/detail-mobil-bekas/kia/kia-picanto-gls-m-t-2012-98185
KIA Picanto,2012,92000000,https://momobil.id/detail-mobil-bekas/kia/kia-picanto-2012-130200
KIA Picanto,2012,92000000,https://momobil.id/detail-mobil-bekas/kia/kia-picanto-se-at-std-2012-102624
KIA Picanto,2012,95000000,https://momobil.id/detail-mobil-bekas/kia/kia-all-new-picanto-at-2012-126200
KIA Picanto,2012,95000000,https://momobil.id/detail-mobil-bekas/kia/kia-all-new-picanto-at-2012-129850
KIA Picanto,2012,95000000,https://momobil.id/detail-mobil-bekas/kia/kia-all-new-picanto-at-2012-133128
KIA Picanto,2012,95000000,https://momobil.id/detail-mobil-bekas/kia/kia-all-new-picanto-at-2012-139676
KIA Picanto,2012,95000000,https://momobil.id/detail-mobil-bekas/kia/kia-all-new-picanto-se-5-a-t-2012-121568
KIA Picanto,2012,95000000,https://momobil.id/detail-mobil-bekas/kia/kia-picanto-2012-129852
KIA Picanto,2012,95000000,https://momobil.id/detail-mobil-bekas/kia/kia-picanto-gls-m-t-2012-101160
KIA Picanto,2012,95000000,https://momobil.id/detail-mobil-bekas/kia/kia-picanto-gls-mt-1-1-2012-109789
KIA Picanto,2012,95000000,https://momobil.id/detail-mobil-bekas/kia/kia-picanto-se-at-std-2012-127145
KIA Picanto,2012,97000000,https://momobil.id/detail-mobil-bekas/kia/kia-all-new-picanto-at-2012-100844
KIA Picanto,2012,97000000,https://momobil.id/detail-mobil-bekas/kia/kia-picanto-se-m-t-std-2012-127705
KIA Picanto,2012,98000000,https://momobil.id/detail-mobil-bekas/kia/kia-all-new-picanto-at-2012-202953
KIA Picanto,2012,98000000,https://momobil.id/detail-mobil-bekas/kia/kia-all-new-picanto-ta-m-t-2012-127680
KIA Picanto,2012,98000000,https://momobil.id/detail-mobil-bekas/kia/kia-picanto-se-mt-opt-2-2012-100226
KIA Picanto,2013,100000000,https://momobil.id/detail-mobil-bekas/kia/kia-all-new-picanto-at-2013-129848
KIA Picanto,2013,100000000,https://momobil.id/detail-mobil-bekas/kia/kia-new-picanto-cosmo-se-a-t-2013-99506
KIA Picanto,2013,100000000,https://momobil.id/detail-mobil-bekas/kia/kia-picanto-gls-m-t-2013-205936
KIA Picanto,2013,100000000,https://momobil.id/detail-mobil-bekas/kia/kia-picanto-se-at-std-2013-110494
KIA Picanto,2013,100000000,https://momobil.id/detail-mobil-bekas/kia/kia-picanto-se-m-t-std-2013-96894
KIA Picanto,2013,101000000,https://momobil.id/detail-mobil-bekas/kia/kia-all-new-picanto-at-2013-104598
KIA Picanto,2013,102000000,https://momobil.id/detail-mobil-bekas/kia/kia-all-new-picanto-at-2013-129851
KIA Picanto,2013,105000000,https://momobil.id/detail-mobil-bekas/kia/kia-all-new-picanto-at-2013-129853
KIA Picanto,2013,105000000,https://momobil.id/detail-mobil-bekas/kia/kia-picanto-2013-121026
KIA Picanto,2013,105000000,https://momobil.id/detail-mobil-bekas/kia/kia-picanto-cosmo-ex-at-2013-198395
KIA Picanto,2013,105000000,https://momobil.id/detail-mobil-bekas/kia/kia-picanto-se-m-t-std-2013-128446
KIA Picanto,2013,110000000,https://momobil.id/detail-mobil-bekas/kia/kia-all-new-picanto-ta-a-t-2013-223812
KIA Picanto,2013,110000000,https://momobil.id/detail-mobil-bekas/kia/kia-picanto-2013-123313
KIA Picanto,2013,110000000,https://momobil.id/detail-mobil-bekas/kia/kia-picanto-se-at-std-2013-110354
KIA Picanto,2013,110000000,https://momobil.id/detail-mobil-bekas/kia/kia-picanto-se-at-std-2013-128121
KIA Picanto,2013,110000000,https://momobil.id/detail-mobil-bekas/kia/kia-picanto-ta-1-2-m-t-2013-132942
KIA Picanto,2013,115000000,https://momobil.id/detail-mobil-bekas/kia/kia-picanto-gls-a-t-2013-116892
KIA Picanto,2013,115000000,https://momobil.id/detail-mobil-bekas/kia/kia-picanto-gls-m-t-2013-118469
KIA Picanto,2013,115000000,https://momobil.id/detail-mobil-bekas/kia/kia-picanto-gls-m-t-2013-118472
KIA Picanto,2013,115000000,https://momobil.id/detail-mobil-bekas/kia/kia-picanto-se-at-std-2013-127225
KIA Picanto,2013,125000000,https://momobil.id/detail-mobil-bekas/kia/kia-all-new-picanto-at-2013-127526
KIA Picanto,2013,130000000,https://momobil.id/detail-mobil-bekas/kia/kia-all-new-picanto-mt-2013-201513
KIA Picanto,2013,135000000,https://momobil.id/detail-mobil-bekas/kia/kia-all-new-picanto-at-2013-118984
KIA Picanto,2013,140000000,https://momobil.id/detail-mobil-bekas/kia/kia-all-new-picanto-ta-m-t-2013-107726
KIA Picanto,2013,75000000,https://momobil.id/detail-mobil-bekas/kia/kia-all-new-picanto-at-2013-222687
KIA Picanto,2013,75000000,https://momobil.id/detail-mobil-bekas/kia/kia-picanto-se-m-t-std-2013-225379
KIA Picanto,2013,76000000,https://momobil.id/detail-mobil-bekas/kia/kia-all-new-picanto-mt-2013-217973
KIA Picanto,2013,76000000,https://momobil.id/detail-mobil-bekas/kia/kia-picanto-se-at-std-2013-127677
KIA Picanto,2013,78000000,https://momobil.id/detail-mobil-bekas/kia/kia-picanto-2013-154389
KIA Picanto,2013,80000000,https://momobil.id/detail-mobil-bekas/kia/kia-all-new-picanto-at-2013-103524
KIA Picanto,2013,80000000,https://momobil.id/detail-mobil-bekas/kia/kia-all-new-picanto-se-5-a-t-2013-190898
KIA Picanto,2013,80000000,https://momobil.id/detail-mobil-bekas/kia/kia-picanto-ex-1-1-a-t-2013-133476
KIA Picanto,2013,80000000,https://momobil.id/detail-mobil-bekas/kia/kia-picanto-ta-1-2-m-t-2013-108660
KIA Picanto,2013,82000000,https://momobil.id/detail-mobil-bekas/kia/kia-picanto-2013-219424
KIA Picanto,2013,82000000,https://momobil.id/detail-mobil-bekas/kia/kia-picanto-se-at-std-2013-201627
KIA Picanto,2013,83000000,https://momobil.id/detail-mobil-bekas/kia/kia-picanto-2013-166927
KIA Picanto,2013,84000000,https://momobil.id/detail-mobil-bekas/kia/kia-picanto-gls-a-t-2013-218272
KIA Picanto,2013,85000000,https://momobil.id/detail-mobil-bekas/kia/kia-all-new-picanto-mt-2013-123601
KIA Picanto,2013,85000000,https://momobil.id/detail-mobil-bekas/kia/kia-picanto-2013-138983
KIA Picanto,2013,85000000,https://momobil.id/detail-mobil-bekas/kia/kia-picanto-2013-207400
KIA Picanto,2013,85000000,https://momobil.id/detail-mobil-bekas/kia/kia-picanto-gls-a-t-2013-98305
KIA Picanto,2013,85000000,https://momobil.id/detail-mobil-bekas/kia/kia-picanto-se-mt-opt-2-2013-217092
KIA Picanto,2013,86000000,https://momobil.id/detail-mobil-bekas/kia/kia-all-new-picanto-mt-2013-124723
KIA Picanto,2013,86000000,https://momobil.id/detail-mobil-bekas/kia/kia-picanto-se-m-t-std-2013-210840
KIA Picanto,2013,87500000,https://momobil.id/detail-mobil-bekas/kia/kia-picanto-2013-164456
KIA Picanto,2013,88000000,https://momobil.id/detail-mobil-bekas/kia/kia-picanto-ta-1-2-m-t-2013-103884
KIA Picanto,2013,89000000,https://momobil.id/detail-mobil-bekas/kia/kia-picanto-2013-151853
KIA Picanto,2013,89000000,https://momobil.id/detail-mobil-bekas/kia/kia-picanto-se-m-t-opt1-2013-211399
KIA Picanto,2013,89500000,https://momobil.id/detail-mobil-bekas/kia/kia-picanto-se-m-t-std-2013-121529
KIA Picanto,2013,90000000,https://momobil.id/detail-mobil-bekas/kia/kia-all-new-picanto-at-2013-210150
KIA Picanto,2013,90000000,https://momobil.id/detail-mobil-bekas/kia/kia-picanto-2013-217445
KIA Picanto,2013,90000000,https://momobil.id/detail-mobil-bekas/kia/kia-picanto-se-at-std-2013-131827
KIA Picanto,2013,90000000,https://momobil.id/detail-mobil-bekas/kia/kia-picanto-se-at-std-2013-155144
KIA Picanto,2013,90000000,https://momobil.id/detail-mobil-bekas/kia/kia-picanto-ta-1-2-m-t-2013-99771
KIA Picanto,2013,90500000,https://momobil.id/detail-mobil-bekas/kia/kia-picanto-2013-154827
KIA Picanto,2013,92000000,https://momobil.id/detail-mobil-bekas/kia/kia-all-new-picanto-at-2013-106890
KIA Picanto,2013,92000000,https://momobil.id/detail-mobil-bekas/kia/kia-picanto-2013-207997
KIA Picanto,2013,92500000,https://momobil.id/detail-mobil-bekas/kia/kia-picanto-2013-226221
KIA Picanto,2013,92500000,https://momobil.id/detail-mobil-bekas/kia/kia-picanto-ta-1-2-m-t-2013-227250
KIA Picanto,2013,93000000,https://momobil.id/detail-mobil-bekas/kia/kia-picanto-2013-133601
KIA Picanto,2013,93000000,https://momobil.id/detail-mobil-bekas/kia/kia-picanto-gls-m-t-2013-202014
KIA Picanto,2013,93000000,https://momobil.id/detail-mobil-bekas/kia/kia-picanto-gls-m-t-2013-97871
KIA Picanto,2013,95000000,https://momobil.id/detail-mobil-bekas/kia/kia-all-new-picanto-at-2013-138311
KIA Picanto,2013,95000000,https://momobil.id/detail-mobil-bekas/kia/kia-all-new-picanto-mt-2013-225699
KIA Picanto,2013,95000000,https://momobil.id/detail-mobil-bekas/kia/kia-picanto-ex-1-1-m-t-2013-105458
KIA Picanto,2013,95000000,https://momobil.id/detail-mobil-bekas/kia/kia-picanto-gls-a-t-2013-117055
KIA Picanto,2013,95000000,https://momobil.id/detail-mobil-bekas/kia/kia-picanto-se-at-std-2013-218180
KIA Picanto,2013,95000000,https://momobil.id/detail-mobil-bekas/kia/kia-picanto-se-m-t-std-2013-100416
KIA Picanto,2013,95000000,https://momobil.id/detail-mobil-bekas/kia/kia-picanto-se-m-t-std-2013-114367
KIA Picanto,2013,96000000,https://momobil.id/detail-mobil-bekas/kia/kia-picanto-2013-155629
KIA Picanto,2013,96000000,https://momobil.id/detail-mobil-bekas/kia/kia-picanto-se-at-std-2013-114830
KIA Picanto,2013,97000000,https://momobil.id/detail-mobil-bekas/kia/kia-all-new-picanto-ta-m-t-2013-136447
KIA Picanto,2013,97500000,https://momobil.id/detail-mobil-bekas/kia/kia-all-new-picanto-at-2013-120754
KIA Picanto,2013,98000000,https://momobil.id/detail-mobil-bekas/kia/kia-all-new-picanto-at-2013-103072
KIA Picanto,2013,98000000,https://momobil.id/detail-mobil-bekas/kia/kia-all-new-picanto-mt-2013-138312
KIA Picanto,2013,98000000,https://momobil.id/detail-mobil-bekas/kia/kia-picanto-2013-130205
KIA Picanto,2013,98000000,https://momobil.id/detail-mobil-bekas/kia/kia-picanto-gls-m-t-2013-203425
KIA Picanto,2013,99000000,https://momobil.id/detail-mobil-bekas/kia/kia-picanto-cosmo-ex-mt-2013-204894
KIA Picanto,2014,100000000,https://momobil.id/detail-mobil-bekas/kia/kia-all-new-picanto-at-2014-117700
KIA Picanto,2014,100000000,https://momobil.id/detail-mobil-bekas/kia/kia-all-new-picanto-at-2014-206031
KIA Picanto,2014,100000000,https://momobil.id/detail-mobil-bekas/kia/kia-picanto-gls-a-t-2014-129830
KIA Picanto,2014,104000000,https://momobil.id/detail-mobil-bekas/kia/kia-picanto-2014-150505
KIA Picanto,2014,105000000,https://momobil.id/detail-mobil-bekas/kia/kia-picanto-gls-a-t-2014-210267
KIA Picanto,2014,110000000,https://momobil.id/detail-mobil-bekas/kia/kia-all-new-picanto-ta-a-t-2014-134719
KIA Picanto,2014,113000000,https://momobil.id/detail-mobil-bekas/kia/kia-picanto-se-at-std-2014-106301
KIA Picanto,2014,120000000,https://momobil.id/detail-mobil-bekas/kia/kia-picanto-se-51-2l-plat-at-2014-128224
KIA Picanto,2014,130000000,https://momobil.id/detail-mobil-bekas/kia/kia-all-new-picanto-at-2014-135806
KIA Picanto,2014,130000000,https://momobil.id/detail-mobil-bekas/kia/kia-picanto-ex-1-1-m-t-2014-99120
KIA Picanto,2014,135000000,https://momobil.id/detail-mobil-bekas/kia/kia-all-new-picanto-at-2014-128393
KIA Picanto,2014,135000000,https://momobil.id/detail-mobil-bekas/kia/kia-all-new-picanto-ta-a-t-2014-109620
KIA Picanto,2014,68500000,https://momobil.id/detail-mobil-bekas/kia/kia-picanto-cosmo-ex-at-2014-148440
KIA Picanto,2014,78000000,https://momobil.id/detail-mobil-bekas/kia/kia-picanto-glx-2014-217788
KIA Picanto,2014,80000000,https://momobil.id/detail-mobil-bekas/kia/kia-all-new-picanto-mt-2014-102612
KIA Picanto,2014,80000000,https://momobil.id/detail-mobil-bekas/kia/kia-all-new-picanto-mt-2014-221863
KIA Picanto,2014,80000000,https://momobil.id/detail-mobil-bekas/kia/kia-picanto-se-m-t-std-2014-227990
KIA Picanto,2014,85000000,https://momobil.id/detail-mobil-bekas/kia/kia-picanto-2014-217618
KIA Picanto,2014,85000000,https://momobil.id/detail-mobil-bekas/kia/kia-picanto-2014-222971
KIA Picanto,2014,89000000,https://momobil.id/detail-mobil-bekas/kia/kia-picanto-gls-m-t-2014-204488
KIA Picanto,2014,90000000,https://momobil.id/detail-mobil-bekas/kia/kia-picanto-gls-m-t-2014-101822
KIA Picanto,2014,94000000,https://momobil.id/detail-mobil-bekas/kia/kia-picanto-se-m-t-std-2014-119538
KIA Picanto,2014,95000000,https://momobil.id/detail-mobil-bekas/kia/kia-picanto-se-at-std-2014-207377
KIA Picanto,2014,96000000,https://momobil.id/detail-mobil-bekas/kia/kia-picanto-se-m-t-std-2014-114061
KIA Picanto,2014,98000000,https://momobil.id/detail-mobil-bekas/kia/kia-all-new-picanto-1-2-at-ex-z2-2014-208541
KIA Picanto,2014,98000000,https://momobil.id/detail-mobil-bekas/kia/kia-picanto-2014-165226
KIA Picanto,2015,100000000,https://momobil.id/detail-mobil-bekas/kia/kia-all-new-picanto-mt-2015-113639
KIA Picanto,2015,105000000,https://momobil.id/detail-mobil-bekas/kia/kia-picanto-1-1-m-t-opt-2015-107832
KIA Picanto,2015,109000000,https://momobil.id/detail-mobil-bekas/kia/kia-all-new-picanto-at-2015-125601
KIA Picanto,2015,111000000,https://momobil.id/detail-mobil-bekas/kia/kia-picanto-gls-a-t-2015-202398
KIA Picanto,2015,120000000,https://momobil.id/detail-mobil-bekas/kia/kia-picanto-gls-mt-1-1-2015-102816
KIA Picanto,2015,130000000,https://momobil.id/detail-mobil-bekas/kia/kia-all-new-picanto-mt-2015-206686
KIA Picanto,2015,130000000,https://momobil.id/detail-mobil-bekas/kia/kia-picanto-gls-m-t-2015-98273
KIA Picanto,2015,140000000,https://momobil.id/detail-mobil-bekas/kia/kia-all-new-picanto-at-2015-102059
KIA Picanto,2015,85000000,https://momobil.id/detail-mobil-bekas/kia/kia-all-new-picanto-mt-2015-108621
KIA Picanto,2015,95000000,https://momobil.id/detail-mobil-bekas/kia/kia-all-new-picanto-mt-2015-119761
KIA Picanto,2016,100000000,https://momobil.id/detail-mobil-bekas/kia/kia-new-picanto-cosmo-se-m-t-2016-211405
KIA Picanto,2016,90000000,https://momobil.id/detail-mobil-bekas/kia/kia-picanto-2016-154077
KIA Picanto,2017,102000000,https://momobil.id/detail-mobil-bekas/kia/kia-picanto-2017-221781
KIA Picanto,2017,115000000,https://momobil.id/detail-mobil-bekas/kia/kia-all-new-picanto-mt-2017-111369
KIA Picanto,2017,116000000,https://momobil.id/detail-mobil-bekas/kia/kia-all-new-picanto-ta-m-t-2017-100653
KIA Picanto,2017,116000000,https://momobil.id/detail-mobil-bekas/kia/kia-picanto-ta-1-2-m-t-2017-100516
KIA Picanto,2017,119000000,https://momobil.id/detail-mobil-bekas/kia/kia-all-new-picanto-ta-a-t-2017-102330
KIA Picanto,2017,119000000,https://momobil.id/detail-mobil-bekas/kia/kia-picanto-ta-1-2-m-t-2017-100918
KIA Picanto,2017,119000000,https://momobil.id/detail-mobil-bekas/kia/kia-picanto-ta-1-2-m-t-2017-101546
KIA Picanto,2017,120000000,https://momobil.id/detail-mobil-bekas/kia/kia-all-new-picanto-mt-2017-111952
KIA Picanto,2017,120000000,https://momobil.id/detail-mobil-bekas/kia/kia-picanto-gls-m-t-2017-108136
KIA Picanto,2017,120000000,https://momobil.id/detail-mobil-bekas/kia/kia-picanto-se-m-t-std-2017-123963
KIA Picanto,2017,122000000,https://momobil.id/detail-mobil-bekas/kia/kia-all-new-picanto-at-2017-138657
KIA Picanto,2017,77000000,https://momobil.id/detail-mobil-bekas/kia/kia-picanto-glx-2017-224393
KIA Picanto,2018,110000000,https://momobil.id/detail-mobil-bekas/kia/kia-picanto-se-at-std-2018-122450
KIA Picanto,2018,118000000,https://momobil.id/detail-mobil-bekas/kia/kia-picanto-glx-2018-113207
KIA Picanto,2018,150000000,https://momobil.id/detail-mobil-bekas/kia/kia-all-new-picanto-ta-m-t-2018-101836
KIA Picanto,2018,78000000,https://momobil.id/detail-mobil-bekas/kia/kia-picanto-gls-a-t-2018-128578
KIA Picanto,2018,87000000,https://momobil.id/detail-mobil-bekas/kia/kia-all-new-picanto-mt-2018-114747
KIA Pregio,2011,88000000,https://momobil.id/detail-mobil-bekas/kia/kia-pregio-2-7-m-t-2011-115442
KIA Pride,2011,80000000,https://momobil.id/detail-mobil-bekas/kia/kia-pride-m-t-std-2011-111719
KIA Pride,2012,115000000,https://momobil.id/detail-mobil-bekas/kia/kia-pride-m-t-option-2012-100384
KIA Rio,2011,83000000,https://momobil.id/detail-mobil-bekas/kia/kia-all-new-rio-1-4-m-t-2011-121665
KIA Rio,2012,100000000,https://momobil.id/detail-mobil-bekas/kia/kia-rio-1-5-mt-2012-210400
KIA Rio,2012,104500000,https://momobil.id/detail-mobil-bekas/kia/kia-rio-se-1-4-at-2012-206957
KIA Rio,2012,105000000,https://momobil.id/detail-mobil-bekas/kia/kia-rio-a-t-2012-118850
KIA Rio,2012,105000000,https://momobil.id/detail-mobil-bekas/kia/kia-rio-se-1-4-mt-5p-2012-209045
KIA Rio,2012,105000000,https://momobil.id/detail-mobil-bekas/kia/kia-rio-se-1-4-mt-5p-2012-225590
KIA Rio,2012,108000000,https://momobil.id/detail-mobil-bekas/kia/kia-rio-1-5-mt-2012-155580
KIA Rio,2012,109000000,https://momobil.id/detail-mobil-bekas/kia/kia-rio-1-5-mt-2012-120572
KIA Rio,2012,109000000,https://momobil.id/detail-mobil-bekas/kia/kia-rio-se-1-4-at-2012-216776
KIA Rio,2012,110000000,https://momobil.id/detail-mobil-bekas/kia/kia-rio-1-5-mt-2012-126744
KIA Rio,2012,112500000,https://momobil.id/detail-mobil-bekas/kia/kia-rio-1-5-mt-2012-99020
KIA Rio,2012,115000000,https://momobil.id/detail-mobil-bekas/kia/kia-all-new-rio-at-1-4-hb-2012-129087
KIA Rio,2012,115000000,https://momobil.id/detail-mobil-bekas/kia/kia-rio-1-5-mt-2012-155584
KIA Rio,2012,115000000,https://momobil.id/detail-mobil-bekas/kia/kia-rio-se-1-4-mt-5p-2012-220445
KIA Rio,2012,117000000,https://momobil.id/detail-mobil-bekas/kia/kia-all-new-rio-1-4-m-t-2012-125042
KIA Rio,2012,117000000,https://momobil.id/detail-mobil-bekas/kia/kia-rio-a-t-2012-145396
KIA Rio,2012,117000000,https://momobil.id/detail-mobil-bekas/kia/kia-rio-a-t-2012-208451
KIA Rio,2012,117000000,https://momobil.id/detail-mobil-bekas/kia/kia-rio-nb-m-t-2012-127682
KIA Rio,2012,120000000,https://momobil.id/detail-mobil-bekas/kia/kia-rio-1-5-mt-2012-155138
KIA Rio,2012,121000000,https://momobil.id/detail-mobil-bekas/kia/kia-rio-a-t-2012-156152
KIA Rio,2012,125000000,https://momobil.id/detail-mobil-bekas/kia/kia-rio-a-t-2012-128477
KIA Rio,2012,125000000,https://momobil.id/detail-mobil-bekas/kia/kia-rio-a-t-2012-135445
KIA Rio,2012,125000000,https://momobil.id/detail-mobil-bekas/kia/kia-rio-se-1-4-mt-5p-2012-138097
KIA Rio,2012,130000000,https://momobil.id/detail-mobil-bekas/kia/kia-rio-a-t-2012-105492
KIA Rio,2012,135000000,https://momobil.id/detail-mobil-bekas/kia/kia-rio-1-5-mt-2012-127215
KIA Rio,2012,65000000,https://momobil.id/detail-mobil-bekas/kia/kia-rio-1-5-mt-2012-137647
KIA Rio,2012,70000000,https://momobil.id/detail-mobil-bekas/kia/kia-all-new-rio-1-4-m-t-2012-118815
KIA Rio,2012,96000000,https://momobil.id/detail-mobil-bekas/kia/kia-rio-nb-m-t-2012-206127
KIA Rio,2012,98000000,https://momobil.id/detail-mobil-bekas/kia/kia-rio-1-4-at-2012-223786
KIA Rio,2012,98000000,https://momobil.id/detail-mobil-bekas/kia/kia-rio-1-5-mt-2012-214076
KIA Rio,2012,99000000,https://momobil.id/detail-mobil-bekas/kia/kia-rio-a-t-2012-128380
KIA Rio,2013,100000000,https://momobil.id/detail-mobil-bekas/kia/kia-rio-1-5-mt-2013-211930
KIA Rio,2013,112000000,https://momobil.id/detail-mobil-bekas/kia/kia-rio-se-1-4-mt-5p-2013-162008
KIA Rio,2013,115000000,https://momobil.id/detail-mobil-bekas/kia/kia-rio-1-5-mt-2013-107721
KIA Rio,2013,118000000,https://momobil.id/detail-mobil-bekas/kia/kia-rio-1-5-mt-2013-102614
KIA Rio,2013,120000000,https://momobil.id/detail-mobil-bekas/kia/kia-all-new-rio-at-1-4-hb-2013-120751
KIA Rio,2013,120000000,https://momobil.id/detail-mobil-bekas/kia/kia-rio-1-5-mt-2013-113719
KIA Rio,2013,120000000,https://momobil.id/detail-mobil-bekas/kia/kia-rio-a-t-2013-114757
KIA Rio,2013,120000000,https://momobil.id/detail-mobil-bekas/kia/kia-rio-a-t-2013-121617
KIA Rio,2013,122000000,https://momobil.id/detail-mobil-bekas/kia/kia-rio-a-t-2013-101177
KIA Rio,2013,125000000,https://momobil.id/detail-mobil-bekas/kia/kia-all-new-rio-1-4-m-t-2013-111881
KIA Rio,2013,125000000,https://momobil.id/detail-mobil-bekas/kia/kia-all-new-rio-at-1-4-hb-2013-221752
KIA Rio,2013,125000000,https://momobil.id/detail-mobil-bekas/kia/kia-rio-1-4-at-2013-218817
KIA Rio,2013,125000000,https://momobil.id/detail-mobil-bekas/kia/kia-rio-a-t-2013-114802
KIA Rio,2013,125000000,https://momobil.id/detail-mobil-bekas/kia/kia-rio-a-t-2013-128821
KIA Rio,2013,125000000,https://momobil.id/detail-mobil-bekas/kia/kia-rio-a-t-2013-205866
KIA Rio,2013,127000000,https://momobil.id/detail-mobil-bekas/kia/kia-rio-a-t-2013-212892
KIA Rio,2013,129000000,https://momobil.id/detail-mobil-bekas/kia/kia-rio-a-t-2013-111357
KIA Rio,2013,130000000,https://momobil.id/detail-mobil-bekas/kia/kia-all-new-rio-at-1-4-hb-2013-110273
KIA Rio,2013,135000000,https://momobil.id/detail-mobil-bekas/kia/kia-rio-a-t-2013-103007
KIA Rio,2013,155000000,https://momobil.id/detail-mobil-bekas/kia/kia-rio-a-t-2013-202067
KIA Rio,2013,99000000,https://momobil.id/detail-mobil-bekas/kia/kia-all-new-rio-1-4-m-t-2013-187653
KIA Rio,2014,105000000,https://momobil.id/detail-mobil-bekas/kia/kia-rio-1-5-mt-2014-137544
KIA Rio,2014,110000000,https://momobil.id/detail-mobil-bekas/kia/kia-rio-a-t-2014-105733
KIA Rio,2014,111000000,https://momobil.id/detail-mobil-bekas/kia/kia-all-new-rio-1-4-m-t-2014-222109
KIA Rio,2014,112000000,https://momobil.id/detail-mobil-bekas/kia/kia-rio-1-5-mt-2014-152066
KIA Rio,2014,118000000,https://momobil.id/detail-mobil-bekas/kia/kia-rio-a-t-2014-166857
KIA Rio,2014,125000000,https://momobil.id/detail-mobil-bekas/kia/kia-all-new-rio-1-4-m-t-2014-116333
KIA Rio,2014,125000000,https://momobil.id/detail-mobil-bekas/kia/kia-all-new-rio-1-4-m-t-2014-226083
KIA Rio,2014,125000000,https://momobil.id/detail-mobil-bekas/kia/kia-rio-a-t-2014-124294
KIA Rio,2014,125000000,https://momobil.id/detail-mobil-bekas/kia/kia-rio-a-t-2014-138841
KIA Rio,2014,129000000,https://momobil.id/detail-mobil-bekas/kia/kia-rio-1-5-mt-2014-134345
KIA Rio,2014,130000000,https://momobil.id/detail-mobil-bekas/kia/kia-rio-1-4-at-2014-154059
KIA Rio,2014,132000000,https://momobil.id/detail-mobil-bekas/kia/kia-all-new-rio-at-1-4-hb-2014-114585
KIA Rio,2014,138000000,https://momobil.id/detail-mobil-bekas/kia/kia-rio-a-t-2014-108620
KIA Rio,2014,138000000,https://momobil.id/detail-mobil-bekas/kia/kia-rio-a-t-2014-133992
KIA Rio,2014,140000000,https://momobil.id/detail-mobil-bekas/kia/kia-all-new-rio-1-4-m-t-2014-140482
KIA Rio,2015,129000000,https://momobil.id/detail-mobil-bekas/kia/kia-all-new-rio-1-4-m-t-2015-115037
KIA Rio,2015,133000000,https://momobil.id/detail-mobil-bekas/kia/kia-rio-1-5-mt-2015-218174
KIA Rio,2015,135000000,https://momobil.id/detail-mobil-bekas/kia/kia-rio-1-5-mt-2015-116598
KIA Rio,2015,136000000,https://momobil.id/detail-mobil-bekas/kia/kia-all-new-rio-at-1-4-hb-2015-220258
KIA Rio,2015,148000000,https://momobil.id/detail-mobil-bekas/kia/kia-rio-a-t-2015-117388
KIA Rio,2015,155000000,https://momobil.id/detail-mobil-bekas/kia/kia-rio-a-t-2015-141607
KIA Rio,2015,175000000,https://momobil.id/detail-mobil-bekas/kia/kia-rio-a-t-2015-204313
KIA Rio,2016,125000000,https://momobil.id/detail-mobil-bekas/kia/kia-all-new-rio-1-4-m-t-2016-120317
KIA Rio,2016,143000000,https://momobil.id/detail-mobil-bekas/kia/kia-rio-1-5-mt-2016-141606
KIA Rio,2016,153000000,https://momobil.id/detail-mobil-bekas/kia/kia-rio-se-1-4-at-2016-214661
KIA Rio,2016,159000000,https://momobil.id/detail-mobil-bekas/kia/kia-all-new-rio-at-1-4-hb-2016-218823
KIA Rio,2016,162500000,https://momobil.id/detail-mobil-bekas/kia/kia-all-new-rio-at-1-4-hb-2016-113537
KIA Rio,2017,191000000,https://momobil.id/detail-mobil-bekas/kia/kia-all-new-rio-at-1-4-hb-2017-102058
KIA Rio,2019,110000000,https://momobil.id/detail-mobil-bekas/kia/kia-all-new-rio-1-4-m-t-2019-202120
KIA Sorento,2013,170000000,https://momobil.id/detail-mobil-bekas/kia/kia-sorento-a-t-2013-211212
KIA Sorento,2013,185000000,https://momobil.id/detail-mobil-bekas/kia/kia-sorento-a-t-2013-120507
KIA Sorento,2013,195000000,https://momobil.id/detail-mobil-bekas/kia/kia-sorento-a-t-2013-229371
KIA Sorento,2013,210000000,https://momobil.id/detail-mobil-bekas/kia/kia-sorento-a-t-2013-204310
KIA Sorento,2014,230000000,https://momobil.id/detail-mobil-bekas/kia/kia-sorento-a-t-2014-204487
KIA Sorento,2014,288000000,https://momobil.id/detail-mobil-bekas/kia/kia-sorento-a-t-2014-141614
KIA Sorento,2014,290000000,https://momobil.id/detail-mobil-bekas/kia/kia-sorento-a-t-2014-204315
KIA Sportage,2011,123000000,https://momobil.id/detail-mobil-bekas/kia/kia-sportage-at-2011-211060
KIA Sportage,2011,130000000,https://momobil.id/detail-mobil-bekas/kia/kia-sportage-2-0-at-2011-210999
KIA Sportage,2011,139000000,https://momobil.id/detail-mobil-bekas/kia/kia-sportage-2011-155088
KIA Sportage,2011,148000000,https://momobil.id/detail-mobil-bekas/kia/kia-sportage-mt-2011-96497
KIA Sportage,2011,150000000,https://momobil.id/detail-mobil-bekas/kia/kia-all-new-sportage-a-t-2011-203387
KIA Sportage,2011,155000000,https://momobil.id/detail-mobil-bekas/kia/kia-sportage-at-2011-116711
KIA Sportage,2011,160000000,https://momobil.id/detail-mobil-bekas/kia/kia-all-new-sportage-a-t-2011-121004
KIA Sportage,2012,125000000,https://momobil.id/detail-mobil-bekas/kia/kia-sportage-at-2012-209014
KIA Sportage,2012,135000000,https://momobil.id/detail-mobil-bekas/kia/kia-sportage-2-0-at-2012-202733
KIA Sportage,2012,135000000,https://momobil.id/detail-mobil-bekas/kia/kia-sportage-at-2012-115532
KIA Sportage,2012,137000000,https://momobil.id/detail-mobil-bekas/kia/kia-sportage-at-2012-207649
KIA Sportage,2012,144000000,https://momobil.id/detail-mobil-bekas/kia/kia-sportage-at-2012-122353
KIA Sportage,2012,149000000,https://momobil.id/detail-mobil-bekas/kia/kia-sportage-at-2012-105712
KIA Sportage,2012,150000000,https://momobil.id/detail-mobil-bekas/kia/kia-all-new-sportage-a-t-2012-141046
KIA Sportage,2012,150000000,https://momobil.id/detail-mobil-bekas/kia/kia-all-new-sportage-a-t-2012-209063
KIA Sportage,2012,155000000,https://momobil.id/detail-mobil-bekas/kia/kia-sportage-2012-134447
KIA Sportage,2012,159000000,https://momobil.id/detail-mobil-bekas/kia/kia-sportage-at-2012-186004
KIA Sportage,2012,160000000,https://momobil.id/detail-mobil-bekas/kia/kia-sportage-at-2012-109609
KIA Sportage,2012,166000000,https://momobil.id/detail-mobil-bekas/kia/kia-sportage-mt-2012-112572
KIA Sportage,2012,175000000,https://momobil.id/detail-mobil-bekas/kia/kia-all-new-sportage-a-t-2012-116999
KIA Sportage,2012,190000000,https://momobil.id/detail-mobil-bekas/kia/kia-all-new-sportage-a-t-2012-135513
KIA Sportage,2013,115000000,https://momobil.id/detail-mobil-bekas/kia/kia-all-new-sportage-m-t-2013-110621
KIA Sportage,2013,155000000,https://momobil.id/detail-mobil-bekas/kia/kia-sportage-at-2013-186001
KIA Sportage,2013,160000000,https://momobil.id/detail-mobil-bekas/kia/kia-sportage-at-2013-209165
KIA Sportage,2013,162000000,https://momobil.id/detail-mobil-bekas/kia/kia-sportage-2013-111286
KIA Sportage,2013,170000000,https://momobil.id/detail-mobil-bekas/kia/kia-all-new-sportage-a-t-2013-119147
KIA Sportage,2013,205000000,https://momobil.id/detail-mobil-bekas/kia/kia-sportage-at-2013-102239
KIA Sportage,2013,208000000,https://momobil.id/detail-mobil-bekas/kia/kia-all-new-sportage-a-t-2013-115107
KIA Sportage,2013,250000000,https://momobil.id/detail-mobil-bekas/kia/kia-all-new-sportage-a-t-2013-114584
KIA Sportage,2014,170000000,https://momobil.id/detail-mobil-bekas/kia/kia-sportage-at-2014-102742
KIA Sportage,2014,235000000,https://momobil.id/detail-mobil-bekas/kia/kia-sportage-at-2014-101257
KIA Sportage,2014,235000000,https://momobil.id/detail-mobil-bekas/kia/kia-sportage-at-2014-114675
KIA Sportage,2015,210000000,https://momobil.id/detail-mobil-bekas/kia/kia-all-new-sportage-a-t-2015-114517
KIA Sportage,2018,420000000,https://momobil.id/detail-mobil-bekas/kia/kia-sportage-at-2018-136583
KIA Carens,2000,35000000,https://www.carmudi.co.id/en/for-sale/kia-carens-fj-kalimantan-timur-samarinda-ulu/7961153
KIA Carens,2001,45000000,https://www.carmudi.co.id/en/for-sale/kia-carens-indonesia-others/7514344
KIA Carens,2001,48000000,https://www.carmudi.co.id/en/for-sale/kia-carens-indonesia-others/7532054
KIA Carens,2002,30000000,https://www.carmudi.co.id/en/for-sale/kia-carens-indonesia-others/7527764
KIA Carens,2002,43500000,https://www.carmudi.co.id/en/for-sale/kia-carens-indonesia-others/7520359
KIA Carens,2003,49900000,https://www.carmudi.co.id/en/for-sale/kia-carens-indonesia-others/7519287
KIA Carens,2003,50000000,https://www.carmudi.co.id/en/for-sale/kia-carens-indonesia-others/7517974
KIA Carens,2003,55000000,https://www.carmudi.co.id/en/for-sale/kia-carens-fj-jawa-barat-cikarang/7967510
KIA Carens,2003,55000000,https://www.carmudi.co.id/en/for-sale/kia-carens-jawa-tengah/7515507
KIA Carens,2004,54000000,https://www.carmudi.co.id/en/for-sale/kia-carens-kalimantan-timur/7525298
KIA Carens,2004,63000000,https://www.carmudi.co.id/en/for-sale/kia-carens-jawa-timur/7528602
KIA Carens,2005,45000000,https://www.carmudi.co.id/en/for-sale/kia-carens-jawa-barat/7531282
KIA Carens,2013,163000000,https://www.carmudi.co.id/en/for-sale/kia-carens-lx-kepulauan-riau/7532381
KIA Carens,2013,90000000,https://www.carmudi.co.id/en/for-sale/kia-carens-lx-indonesia-others/7522458
KIA Carens,2015,155000000,https://www.carmudi.co.id/en/for-sale/kia-carens-lx-indonesia-others/7508525
KIA Carnival,2000,30000000,https://www.carmudi.co.id/en/for-sale/kia-carnival-dki-jakarta/7519752
KIA Carnival,2000,30000000,https://www.carmudi.co.id/en/for-sale/kia-carnival-indonesia-others/7527001
KIA Carnival,2000,35000000,https://www.carmudi.co.id/en/for-sale/kia-carnival-gs-indonesia-others/7523412
KIA Carnival,2000,40000000,https://www.carmudi.co.id/en/for-sale/kia-carnival-gs-jawa-barat-bekasi-barat/7899912
KIA Carnival,2000,43000000,https://www.carmudi.co.id/en/for-sale/kia-carnival-indonesia-others/7529777
KIA Carnival,2000,45000000,https://www.carmudi.co.id/en/for-sale/kia-carnival-indonesia-others/7513219
KIA Carnival,2001,45000000,https://www.carmudi.co.id/en/for-sale/kia-carnival-jawa-tengah/7510928
KIA Carnival,2001,49000000,https://www.carmudi.co.id/en/for-sale/kia-carnival-indonesia-others/7522027
KIA Carnival,2001,75000000,https://www.carmudi.co.id/en/for-sale/kia-carnival-gs-indonesia-others/7516288
KIA Carnival,2001,75000000,https://www.carmudi.co.id/en/for-sale/kia-carnival-indonesia-others/7520901
KIA Morning,2014,80000000,https://www.carmudi.co.id/en/for-sale/kia-morning-lx-indonesia-others/7519231
KIA Optima,2013,265000000,https://www.carmudi.co.id/en/for-sale/kia-optima-tf-indonesia-others/7510050
KIA Picanto,2004,47000000,https://www.carmudi.co.id/en/for-sale/kia-picanto-indonesia-others/7514234
KIA Picanto,2005,46000000,https://www.carmudi.co.id/en/for-sale/kia-picanto-indonesia-others/7533636
KIA Picanto,2005,53000000,https://www.carmudi.co.id/en/for-sale/kia-picanto-jawa-barat/7521783
KIA Picanto,2005,55000000,https://www.carmudi.co.id/en/for-sale/kia-picanto-indonesia-others/7531784
KIA Picanto,2005,55000000,https://www.carmudi.co.id/en/for-sale/kia-picanto-sa-bali-denpasar/7967280
KIA Picanto,2005,62000000,https://www.carmudi.co.id/en/for-sale/kia-picanto-bali/7530066
KIA Picanto,2006,59500000,https://www.carmudi.co.id/en/for-sale/kia-picanto-kalimantan-timur/7525300
KIA Picanto,2007,48000000,https://www.carmudi.co.id/en/for-sale/kia-picanto-indonesia-others/7534775
KIA Picanto,2007,55000000,https://www.carmudi.co.id/en/for-sale/kia-picanto-se-indonesia-others/7530599
KIA Picanto,2007,59500000,https://www.carmudi.co.id/en/for-sale/kia-picanto-jawa-tengah/7516372
KIA Picanto,2007,65000000,https://www.carmudi.co.id/en/for-sale/kia-picanto-jawa-tengah-secang/7512209
KIA Picanto,2007,66000000,https://www.carmudi.co.id/en/for-sale/kia-picanto-bali/7529690
KIA Picanto,2007,66000000,https://www.carmudi.co.id/en/for-sale/kia-picanto-se-yogyakarta-sleman/7940998
KIA Picanto,2007,70000000,https://www.carmudi.co.id/en/for-sale/kia-picanto-jawa-tengah-secang/7533174
KIA Picanto,2008,54000000,https://www.carmudi.co.id/en/for-sale/kia-picanto-banten/7518512
KIA Picanto,2008,58000000,https://www.carmudi.co.id/en/for-sale/kia-picanto-dki-jakarta/7509259
KIA Picanto,2008,59000000,https://www.carmudi.co.id/en/for-sale/kia-picanto-indonesia-others/7518787
KIA Picanto,2008,62000000,https://www.carmudi.co.id/en/for-sale/kia-picanto-indonesia-others/7530366
KIA Picanto,2008,65000000,https://www.carmudi.co.id/en/for-sale/kia-picanto-sumatera-selatan-palembang/7509122
KIA Picanto,2008,70000000,https://www.carmudi.co.id/en/for-sale/kia-picanto-yogyakarta/7528721
KIA Picanto,2009,60000000,https://www.carmudi.co.id/en/for-sale/kia-picanto-indonesia-others/7513368
KIA Picanto,2009,61000000,https://www.carmudi.co.id/en/for-sale/kia-picanto-indonesia-others/7528797
KIA Picanto,2009,62000000,https://www.carmudi.co.id/en/for-sale/kia-picanto-se-bali-denpasar/7940724
KIA Picanto,2009,63000000,https://www.carmudi.co.id/en/for-sale/kia-picanto-indonesia-others/7516073
KIA Picanto,2009,64000000,https://www.carmudi.co.id/en/for-sale/kia-picanto-bali/7507599
KIA Picanto,2009,65000000,https://www.carmudi.co.id/en/for-sale/kia-picanto-bali/7532482
KIA Picanto,2009,67500000,https://www.carmudi.co.id/en/for-sale/kia-picanto-dki-jakarta/7521944
KIA Picanto,2009,75000000,https://www.carmudi.co.id/en/for-sale/kia-picanto-jawa-timur/7518202
KIA Picanto,2010,56000000,https://www.carmudi.co.id/en/for-sale/kia-picanto-bali/7511281
KIA Picanto,2010,60000000,https://www.carmudi.co.id/en/for-sale/kia-picanto-se-jawa-barat-bandung/7920735
KIA Picanto,2010,60000000,https://www.carmudi.co.id/en/for-sale/kia-picanto-sumatera-selatan-palembang/7509096
KIA Picanto,2010,62000000,https://www.carmudi.co.id/en/for-sale/kia-picanto-indonesia-others/7516173
KIA Picanto,2010,63000000,https://www.carmudi.co.id/en/for-sale/kia-picanto-indonesia-others/7531372
KIA Picanto,2010,63000000,https://www.carmudi.co.id/en/for-sale/kia-picanto-se-jawa-barat-cibitung/7966362
KIA Picanto,2010,63000000,https://www.carmudi.co.id/en/for-sale/kia-picanto-se-jawa-barat/7529756
KIA Picanto,2010,67000000,https://www.carmudi.co.id/en/for-sale/kia-picanto-indonesia-others/7528980
KIA Picanto,2010,68000000,https://www.carmudi.co.id/en/for-sale/kia-picanto-se-indonesia-others/7508386
KIA Picanto,2010,73000000,https://www.carmudi.co.id/en/for-sale/kia-picanto-se-indonesia-others/7514877
KIA Picanto,2011,30000000,https://www.carmudi.co.id/en/for-sale/kia-picanto-jawa-barat/7519774
KIA Picanto,2011,61000000,https://www.carmudi.co.id/en/for-sale/kia-picanto-se-bali-denpasar/7962525
KIA Picanto,2011,67000000,https://www.carmudi.co.id/en/for-sale/kia-picanto-indonesia-others/7529673
KIA Picanto,2011,68000000,https://www.carmudi.co.id/en/for-sale/kia-picanto-indonesia-others/7532587
KIA Picanto,2011,68000000,https://www.carmudi.co.id/en/for-sale/kia-picanto-jawa-tengah-manyaran/7527843
KIA Picanto,2011,69000000,https://www.carmudi.co.id/en/for-sale/kia-picanto-jawa-barat/7532113
KIA Picanto,2011,70000000,https://www.carmudi.co.id/en/for-sale/kia-picanto-jawa-tengah-manyaran/7522111
KIA Picanto,2011,71000000,https://www.carmudi.co.id/en/for-sale/kia-picanto-jawa-barat/7512164
KIA Picanto,2011,75000000,https://www.carmudi.co.id/en/for-sale/kia-picanto-bali/7533031
KIA Picanto,2011,76000000,https://www.carmudi.co.id/en/for-sale/kia-picanto-se-jawa-tengah/7529661
KIA Picanto,2011,77000000,https://www.carmudi.co.id/en/for-sale/kia-picanto-indonesia-others/7509579
KIA Picanto,2011,77000000,https://www.carmudi.co.id/en/for-sale/kia-picanto-jawa-barat/7534390
KIA Picanto,2011,78500000,https://www.carmudi.co.id/en/for-sale/kia-picanto-se-3-jawa-barat/7535812
KIA Picanto,2011,80000000,https://www.carmudi.co.id/en/for-sale/kia-picanto-sumatera-selatan/7508298
KIA Picanto,2011,80000000,https://www.carmudi.co.id/en/for-sale/kia-picanto-sumatera-utara/7512928
KIA Picanto,2012,51000000,https://www.carmudi.co.id/en/for-sale/kia-picanto-se-3-jawa-timur-batu/7935950
KIA Picanto,2012,70000000,https://www.carmudi.co.id/en/for-sale/kia-picanto-indonesia-others/7519257
KIA Picanto,2012,70000000,https://www.carmudi.co.id/en/for-sale/kia-picanto-jawa-barat/7529232
KIA Picanto,2012,72000000,https://www.carmudi.co.id/en/for-sale/kia-picanto-se-3-jawa-barat/7510821
KIA Picanto,2012,75000000,https://www.carmudi.co.id/en/for-sale/kia-picanto-banten/7518351
KIA Picanto,2012,75000000,https://www.carmudi.co.id/en/for-sale/kia-picanto-se-3-indonesia-others/7509028
KIA Picanto,2012,75000000,https://www.carmudi.co.id/en/for-sale/kia-picanto-se-3-indonesia-others/7518733
KIA Picanto,2012,76000000,https://www.carmudi.co.id/en/for-sale/kia-picanto-jawa-tengah/7513390
KIA Picanto,2012,76000000,https://www.carmudi.co.id/en/for-sale/kia-picanto-se-3-banten/7518870
KIA Picanto,2012,76000000,https://www.carmudi.co.id/en/for-sale/kia-picanto-se-3-jawa-tengah-solo/7895674
KIA Picanto,2012,77000000,https://www.carmudi.co.id/en/for-sale/kia-picanto-indonesia-others/7518651
KIA Picanto,2012,77000000,https://www.carmudi.co.id/en/for-sale/kia-picanto-indonesia-others/7533274
KIA Picanto,2012,77000000,https://www.carmudi.co.id/en/for-sale/kia-picanto-se-3-indonesia-others/7520299
KIA Picanto,2012,78000000,https://www.carmudi.co.id/en/for-sale/kia-picanto-dki-jakarta/7520286
KIA Picanto,2012,79000000,https://www.carmudi.co.id/en/for-sale/kia-picanto-banten/7516488
KIA Picanto,2012,79000000,https://www.carmudi.co.id/en/for-sale/kia-picanto-indonesia-others/7517171
KIA Picanto,2012,79000000,https://www.carmudi.co.id/en/for-sale/kia-picanto-jawa-tengah-magelang/7533453
KIA Picanto,2012,80000000,https://www.carmudi.co.id/en/for-sale/kia-picanto-dki-jakarta/7527205
KIA Picanto,2012,80000000,https://www.carmudi.co.id/en/for-sale/kia-picanto-indonesia-others/7522314
KIA Picanto,2012,80000000,https://www.carmudi.co.id/en/for-sale/kia-picanto-indonesia-others/7533267
KIA Picanto,2012,80000000,https://www.carmudi.co.id/en/for-sale/kia-picanto-se-2-indonesia-others/7521191
KIA Picanto,2012,82000000,https://www.carmudi.co.id/en/for-sale/kia-picanto-bali/7524695
KIA Picanto,2012,82500000,https://www.carmudi.co.id/en/for-sale/kia-picanto-sulawesi-selatan/7509190
KIA Picanto,2012,83000000,https://www.carmudi.co.id/en/for-sale/kia-picanto-se-2-indonesia-others/7525572
KIA Picanto,2012,85000000,https://www.carmudi.co.id/en/for-sale/kia-picanto-se-3-jawa-barat/7532960
KIA Picanto,2012,85000000,https://www.carmudi.co.id/en/for-sale/kia-picanto-se-3-jawa-tengah/7531367
KIA Picanto,2012,85000000,https://www.carmudi.co.id/en/for-sale/kia-picanto-se-3-jawa-timur-surabaya/7529240
KIA Picanto,2012,90000000,https://www.carmudi.co.id/en/for-sale/kia-picanto-bali/7513270
KIA Picanto,2012,90000000,https://www.carmudi.co.id/en/for-sale/kia-picanto-se-2-yogyakarta-sleman/7943434
KIA Picanto,2012,91000000,https://www.carmudi.co.id/en/for-sale/kia-picanto-bali/7518703
KIA Picanto,2012,94000000,https://www.carmudi.co.id/en/for-sale/kia-picanto-sulawesi-selatan/7532888
KIA Picanto,2013,105000000,https://www.carmudi.co.id/en/for-sale/kia-picanto-sulawesi-selatan/7527550
KIA Picanto,2013,69000000,https://www.carmudi.co.id/en/for-sale/kia-picanto-se-3-sumatera-selatan-ilir-barat-i/7787491
KIA Picanto,2013,76000000,https://www.carmudi.co.id/en/for-sale/kia-picanto-se-3-dki-jakarta-mangga-dua/7937258
KIA Picanto,2013,77000000,https://www.carmudi.co.id/en/for-sale/kia-picanto-se-3-dki-jakarta-mangga-dua/7936792
KIA Picanto,2013,77000000,https://www.carmudi.co.id/en/for-sale/kia-picanto-sumatera-selatan-palembang/7516704
KIA Picanto,2013,77900000,https://www.carmudi.co.id/en/for-sale/kia-picanto-sumatera-selatan-palembang/7516703
KIA Picanto,2013,78000000,https://www.carmudi.co.id/en/for-sale/kia-picanto-bali/7525861
KIA Picanto,2013,78000000,https://www.carmudi.co.id/en/for-sale/kia-picanto-se-3-yogyakarta-sleman/7898659
KIA Picanto,2013,79000000,https://www.carmudi.co.id/en/for-sale/kia-picanto-jawa-barat/7511820
KIA Picanto,2013,80000000,https://www.carmudi.co.id/en/for-sale/kia-picanto-indonesia-others/7519737
KIA Picanto,2013,80000000,https://www.carmudi.co.id/en/for-sale/kia-picanto-se-3-jawa-barat-cilodong/7951338
KIA Picanto,2013,83000000,https://www.carmudi.co.id/en/for-sale/kia-picanto-se-2-dki-jakarta-palmerah/7960998
KIA Picanto,2013,83000000,https://www.carmudi.co.id/en/for-sale/kia-picanto-yogyakarta/7516718
KIA Picanto,2013,84000000,https://www.carmudi.co.id/en/for-sale/kia-picanto-indonesia-others/7509029
KIA Picanto,2013,85000000,https://www.carmudi.co.id/en/for-sale/kia-picanto-se-2-yogyakarta-sleman/7696401
KIA Picanto,2013,87000000,https://www.carmudi.co.id/en/for-sale/kia-picanto-indonesia-others/7526185
KIA Picanto,2013,89000000,https://www.carmudi.co.id/en/for-sale/kia-picanto-indonesia-others/7508096
KIA Picanto,2013,89500000,https://www.carmudi.co.id/en/for-sale/kia-picanto-indonesia-others/7514348
KIA Picanto,2013,92000000,https://www.carmudi.co.id/en/for-sale/kia-picanto-se-2-kepulauan-riau-tanjung-pinang/7891273
KIA Picanto,2013,95000000,https://www.carmudi.co.id/en/for-sale/kia-picanto-kepulauan-riau/7511271
KIA Picanto,2013,95000000,https://www.carmudi.co.id/en/for-sale/kia-picanto-se-2-indonesia-others/7521317
KIA Picanto,2014,115000000,https://www.carmudi.co.id/en/for-sale/kia-picanto-indonesia-others/7518206
KIA Picanto,2014,72000000,https://www.carmudi.co.id/en/for-sale/kia-picanto-jawa-barat/7507554
KIA Picanto,2014,74000000,https://www.carmudi.co.id/en/for-sale/kia-picanto-indonesia-others/7533456
KIA Picanto,2014,78000000,https://www.carmudi.co.id/en/for-sale/kia-picanto-se-3-jawa-barat-margahayu/7942316
KIA Picanto,2014,79000000,https://www.carmudi.co.id/en/for-sale/kia-picanto-banten/7514276
KIA Picanto,2014,80000000,https://www.carmudi.co.id/en/for-sale/kia-picanto-se-2-bali-denpasar/7967334
KIA Picanto,2014,81000000,https://www.carmudi.co.id/en/for-sale/kia-picanto-dki-jakarta/7532281
KIA Picanto,2014,83000000,https://www.carmudi.co.id/en/for-sale/kia-picanto-indonesia-others/7528040
KIA Picanto,2014,83000000,https://www.carmudi.co.id/en/for-sale/kia-picanto-riau/7514785
KIA Picanto,2014,83000000,https://www.carmudi.co.id/en/for-sale/kia-picanto-sumatera-utara-medan/7519849
KIA Picanto,2014,85000000,https://www.carmudi.co.id/en/for-sale/kia-picanto-dki-jakarta/7511129
KIA Picanto,2014,85000000,https://www.carmudi.co.id/en/for-sale/kia-picanto-se-2-nangroe-aceh-darussalam-meuraksa/7948744
KIA Picanto,2014,88000000,https://www.carmudi.co.id/en/for-sale/kia-picanto-indonesia-others/7521812
KIA Picanto,2014,90000000,https://www.carmudi.co.id/en/for-sale/kia-picanto-sulawesi-selatan/7530569
KIA Picanto,2014,93000000,https://www.carmudi.co.id/en/for-sale/kia-picanto-indonesia-others/7530299
KIA Picanto,2014,97000000,https://www.carmudi.co.id/en/for-sale/kia-picanto-sulawesi-selatan/7508812
KIA Picanto,2014,98500000,https://www.carmudi.co.id/en/for-sale/kia-picanto-sulawesi-selatan/7528627
KIA Picanto,2016,85000000,https://www.carmudi.co.id/en/for-sale/kia-picanto-se-5-sumatera-utara-medan-amplas/7899997
KIA Picanto,2016,95500000,https://www.carmudi.co.id/en/for-sale/kia-picanto-se-5-sumatera-utara-medan-amplas/7900075
KIA Picanto,2017,85000000,https://www.carmudi.co.id/en/for-sale/kia-picanto-ta-sumatera-selatan-palembang/7534382
KIA Picanto,2017,95000000,https://www.carmudi.co.id/en/for-sale/kia-picanto-ta-sumatera-selatan-kemuning/7797684
KIA Pregio,2009,57000000,https://www.carmudi.co.id/en/for-sale/kia-pregio-se-option-indonesia-others/7532059
KIA Pride,2007,51500000,https://www.carmudi.co.id/en/for-sale/kia-pride-dki-jakarta/7510830
KIA Pride,2007,83300000,https://www.carmudi.co.id/en/for-sale/kia-pride-indonesia-others/7534535
KIA Pride,2010,68000000,https://www.carmudi.co.id/en/for-sale/kia-pride-jb-banten-tangerang/7510751
KIA Pride,2010,71800000,https://www.carmudi.co.id/en/for-sale/kia-pride-jb-indonesia-others/7515464
KIA Pride,2011,73000000,https://www.carmudi.co.id/en/for-sale/kia-pride-jawa-barat/7509604
KIA Pride,2011,75000000,https://www.carmudi.co.id/en/for-sale/kia-pride-jb-jawa-barat-cileungsi/7914276
KIA Rio,2000,39000000,https://www.carmudi.co.id/en/for-sale/kia-rio-dc-indonesia-others/7532966
KIA Rio,2001,38000000,https://www.carmudi.co.id/en/for-sale/kia-rio-dc-indonesia-others/7532244
KIA Rio,2012,100000000,https://www.carmudi.co.id/en/for-sale/kia-rio-indonesia-others/7511390
KIA Rio,2012,100000000,https://www.carmudi.co.id/en/for-sale/kia-rio-indonesia-others/7522138
KIA Rio,2012,100000000,https://www.carmudi.co.id/en/for-sale/kia-rio-indonesia-others/7524539
KIA Rio,2012,102000000,https://www.carmudi.co.id/en/for-sale/kia-rio-jawa-tengah/7518538
KIA Rio,2012,104000000,https://www.carmudi.co.id/en/for-sale/kia-rio-jawa-tengah/7525248
KIA Rio,2012,105000000,https://www.carmudi.co.id/en/for-sale/kia-rio-ub-bali-denpasar/7899797
KIA Rio,2012,105000000,https://www.carmudi.co.id/en/for-sale/kia-rio-ub-bali-denpasar/7940810
KIA Rio,2012,105000000,https://www.carmudi.co.id/en/for-sale/kia-rio-ub-bali-tegalkertha/7774484
KIA Rio,2012,105000000,https://www.carmudi.co.id/en/for-sale/kia-rio-ub-kalimantan-timur-samarinda-ulu/7960790
KIA Rio,2012,109000000,https://www.carmudi.co.id/en/for-sale/kia-rio-dki-jakarta/7515953
KIA Rio,2012,118000000,https://www.carmudi.co.id/en/for-sale/kia-rio-ub-yogyakarta-sleman/7943574
KIA Rio,2012,128000000,https://www.carmudi.co.id/en/for-sale/kia-rio-bali/7509084
KIA Rio,2012,128000000,https://www.carmudi.co.id/en/for-sale/kia-rio-ub-jawa-barat/7534410
KIA Rio,2012,130000000,https://www.carmudi.co.id/en/for-sale/kia-rio-bali/7526538
KIA Rio,2012,90000000,https://www.carmudi.co.id/en/for-sale/kia-rio-indonesia-others/7518779
KIA Rio,2012,90000000,https://www.carmudi.co.id/en/for-sale/kia-rio-jawa-tengah-salam/7517678
KIA Rio,2012,97000000,https://www.carmudi.co.id/en/for-sale/kia-rio-indonesia-others/7511386
KIA Rio,2012,98000000,https://www.carmudi.co.id/en/for-sale/kia-rio-ub-nangroe-aceh-darussalam-lueng-bata/7717346
KIA Rio,2012,98500000,https://www.carmudi.co.id/en/for-sale/kia-rio-dki-jakarta/7521396
KIA Rio,2013,100000000,https://www.carmudi.co.id/en/for-sale/kia-rio-indonesia-others/7521106
KIA Rio,2013,100000000,https://www.carmudi.co.id/en/for-sale/kia-rio-ub-indonesia-others/7511591
KIA Rio,2013,108000000,https://www.carmudi.co.id/en/for-sale/kia-rio-jawa-tengah/7517782
KIA Rio,2013,112000000,https://www.carmudi.co.id/en/for-sale/kia-rio-ub-jawa-tengah/7522388
KIA Rio,2013,117000000,https://www.carmudi.co.id/en/for-sale/kia-rio-ub-indonesia-others/7526474
KIA Rio,2013,119000000,https://www.carmudi.co.id/en/for-sale/kia-rio-bali/7521181
KIA Rio,2013,120000000,https://www.carmudi.co.id/en/for-sale/kia-rio-indonesia-others/7533380
KIA Rio,2013,122000000,https://www.carmudi.co.id/en/for-sale/kia-rio-ub-kepulauan-riau-batam/7889014
KIA Rio,2013,125000000,https://www.carmudi.co.id/en/for-sale/kia-rio-indonesia-others/7531136
KIA Rio,2014,101000000,https://www.carmudi.co.id/en/for-sale/kia-rio-indonesia-others/7535945
KIA Rio,2014,124000000,https://www.carmudi.co.id/en/for-sale/kia-rio-ub-bali-denpasar/7967268
KIA Rio,2014,125000000,https://www.carmudi.co.id/en/for-sale/kia-rio-indonesia-others/7508217
KIA Rio,2014,130000000,https://www.carmudi.co.id/en/for-sale/kia-rio-dki-jakarta/7510595
KIA Rio,2014,130000000,https://www.carmudi.co.id/en/for-sale/kia-rio-kalimantan-timur/7520911
KIA Rio,2014,134000000,https://www.carmudi.co.id/en/for-sale/kia-rio-bali/7509083
KIA Rio,2016,150000000,https://www.carmudi.co.id/en/for-sale/kia-rio-ub-yogyakarta/7511226
KIA Rio,2017,170000000,https://www.carmudi.co.id/en/for-sale/kia-rio-platinum-kepulauan-riau/7515669
KIA Rio,2017,185000000,https://www.carmudi.co.id/en/for-sale/kia-rio-platinum-jawa-barat/7514540
KIA Sedona,2003,72500000,https://www.carmudi.co.id/en/for-sale/kia-sedona-td-dki-jakarta/7516147
KIA Sedona,2004,300000000,https://www.carmudi.co.id/en/for-sale/kia-sedona-dki-jakarta/7511550
KIA Sedona,2005,59000000,https://www.carmudi.co.id/en/for-sale/kia-sedona-gs-dki-jakarta/7535556
KIA Sedona,2005,60000000,https://www.carmudi.co.id/en/for-sale/kia-sedona-indonesia-others/7519189
KIA Sedona,2005,65000000,https://www.carmudi.co.id/en/for-sale/kia-sedona-indonesia-others/7521088
KIA Sedona,2006,55000000,https://www.carmudi.co.id/en/for-sale/kia-sedona-indonesia-others/7533989
KIA Sedona,2006,65000000,https://www.carmudi.co.id/en/for-sale/kia-sedona-gs-indonesia-others/7521293
KIA Sedona,2014,360000000,https://www.carmudi.co.id/en/for-sale/kia-sedona-indonesia-others/7507663
KIA Sedona,2014,395000000,https://www.carmudi.co.id/en/for-sale/kia-sedona-indonesia-others/7507983
KIA Sorento,2003,229000000,https://www.carmudi.co.id/en/for-sale/kia-sorento-bl-bali/7508492
KIA Sorento,2013,185000000,https://www.carmudi.co.id/en/for-sale/kia-sorento-indonesia-others/7529211
KIA Sorento,2013,197500000,https://www.carmudi.co.id/en/for-sale/kia-sorento-yogyakarta/7511218
KIA Sorento,2013,260000000,https://www.carmudi.co.id/en/for-sale/kia-sorento-xm-indonesia-others/7508423
KIA Sorento,2014,210000000,https://www.carmudi.co.id/en/for-sale/kia-sorento-indonesia-others/7526310
KIA Sorento,2014,220000000,https://www.carmudi.co.id/en/for-sale/kia-sorento-xm-jawa-barat-cimanggis/7952856
KIA Sorento,2014,228000000,https://www.carmudi.co.id/en/for-sale/kia-sorento-indonesia-others/7533405
KIA Sorento,2014,260000000,https://www.carmudi.co.id/en/for-sale/kia-sorento-xm-dki-jakarta/7527952
KIA Sportage,2000,87500000,https://www.carmudi.co.id/en/for-sale/kia-sportage-ja-jawa-barat/7532060
KIA Sportage,2002,95000000,https://www.carmudi.co.id/en/for-sale/kia-sportage-ja-bali-ubung-kaja/7850368
KIA Sportage,2005,75000000,https://www.carmudi.co.id/en/for-sale/kia-sportage-bali/7519212
KIA Sportage,2006,80000000,https://www.carmudi.co.id/en/for-sale/kia-sportage-km-sumatera-selatan-ilir-timur-ii/7869243
KIA Sportage,2006,80000000,https://www.carmudi.co.id/en/for-sale/kia-sportage-km-sumatera-selatan-ilir-timur-ii/7875627
KIA Sportage,2011,110000000,https://www.carmudi.co.id/en/for-sale/kia-sportage-indonesia-others/7531665
KIA Sportage,2011,150000000,https://www.carmudi.co.id/en/for-sale/kia-sportage-bali/7508478
KIA Sportage,2012,119500000,https://www.carmudi.co.id/en/for-sale/kia-sportage-indonesia-others/7516928
KIA Sportage,2012,133000000,https://www.carmudi.co.id/en/for-sale/kia-sportage-kepulauan-riau/7510577
KIA Sportage,2012,155000000,https://www.carmudi.co.id/en/for-sale/kia-sportage-kalimantan-timur/7523626
KIA Sportage,2012,165000000,https://www.carmudi.co.id/en/for-sale/kia-sportage-platinum-kalimantan-selatan-banjarmasin-barat/7843116
KIA Sportage,2012,169000000,https://www.carmudi.co.id/en/for-sale/kia-sportage-indonesia-others/7516610
KIA Sportage,2012,190000000,https://www.carmudi.co.id/en/for-sale/kia-sportage-bali/7518885
KIA Sportage,2012,195000000,https://www.carmudi.co.id/en/for-sale/kia-sportage-bali/7526541
KIA Sportage,2013,140000000,https://www.carmudi.co.id/en/for-sale/kia-sportage-sulawesi-selatan/7515994
KIA Sportage,2013,150000000,https://www.carmudi.co.id/en/for-sale/kia-sportage-bali/7527543
KIA Sportage,2013,150000000,https://www.carmudi.co.id/en/for-sale/kia-sportage-sumatera-selatan-palembang/7519572
KIA Sportage,2013,155000000,https://www.carmudi.co.id/en/for-sale/kia-sportage-kepulauan-riau/7511276
KIA Sportage,2013,193000000,https://www.carmudi.co.id/en/for-sale/kia-sportage-bali/7509086
KIA Sportage,2013,199000000,https://www.carmudi.co.id/en/for-sale/kia-sportage-bali/7515047
KIA Sportage,2014,180000000,https://www.carmudi.co.id/en/for-sale/kia-sportage-indonesia-others/7530632
KIA Sportage,2015,165000000,https://www.carmudi.co.id/en/for-sale/kia-sportage-lx-indonesia-others/7525105
KIA Sportage,2017,289000000,https://www.carmudi.co.id/en/for-sale/kia-sportage-ql-indonesia-others/7510117
KIA Travello,2007,40000000,https://www.carmudi.co.id/en/for-sale/kia-travello-indonesia-others/7535484
KIA Travello,2007,57000000,https://www.carmudi.co.id/en/for-sale/kia-travello-option-2-yogyakarta-bantul/7854312
KIA Travello,2007,75000000,https://www.carmudi.co.id/en/for-sale/kia-travello-option-2-sumatera-selatan-ilir-barat-i/7734725
KIA Travello,2007,85000000,https://www.carmudi.co.id/en/for-sale/kia-travello-indonesia-others/7515439
KIA Travello,2009,65000000,https://www.carmudi.co.id/en/for-sale/kia-travello-indonesia-others/7511770
KIA Travello,2012,120000000,https://www.carmudi.co.id/en/for-sale/kia-travello-option-2-indonesia-others/7514153
KIA Travello,2013,120000000,https://www.carmudi.co.id/en/for-sale/kia-travello-option-2-nangroe-aceh-darussalam-meuraksa/7948751
KIA Travello,2016,175000000,https://www.carmudi.co.id/en/for-sale/kia-travello-option-2-jawa-barat-cirebon/7525842
KIA Visto,2000,40000000,https://www.carmudi.co.id/en/for-sale/kia-visto-sulawesi-selatan-rappocini/7527851
KIA Visto,2001,38000000,https://www.carmudi.co.id/en/for-sale/kia-visto-bali/7520728
KIA Visto,2001,43000000,https://www.carmudi.co.id/en/for-sale/kia-visto-jawa-barat/7522241
KIA Visto,2001,45000000,https://www.carmudi.co.id/en/for-sale/kia-visto-series-1-indonesia-others/7510780
KIA Visto,2002,29999000,https://www.carmudi.co.id/en/for-sale/kia-visto-dki-jakarta/7532192
KIA Visto,2002,52000000,https://www.carmudi.co.id/en/for-sale/kia-visto-jawa-timur/7510632
KIA Visto,2002,55000000,https://www.carmudi.co.id/en/for-sale/kia-visto-jawa-timur-malang/7534156
KIA Visto,2002,57500000,https://www.carmudi.co.id/en/for-sale/kia-visto-bali/7511292
